sequence,cnn_lstm,cnn_gru,gru_emb,lstm_emb,ensemble_weighted,ensemble_voting,deepT3,effectiveT3,true_label
MPINRPAFNLKLNTAIAQPTLKKDAGAELRRLNQSEVRANTQTRFAVNHRAPTYDVAQSALGENHGGWTAANHFKMTGSEVFIHMDRLEPNCKGEFAGDKIHLSVAPEDVPDAFNAIGKILQASDSPVDSWKVTDMKCLQAEMPAAKQRVALGAQFTIYAKPDREDNTYSPEYMGKMRGMISSIEQELSAAGVRQSSHRPDSDVSPGHWSYASYRNEHKSNRSGTSNQHRNLEAEPFFQLVSFSDGASGSSRSSADHQALLPPPWAR,1,1,1,1,1,1,0,0,1
MNNWLALFDGQSRYVLEIHDSPVHPDVLRFYGREALSEPFTWDIEFTTEQANIAPGQVLMKYASLRMRSGKNVHGIITRLEWRSTTADQSHYTIRLSSRLALLSHSRKCAVYQNQSVPEVVAQVLRQHGLAGADFAFRLVRTYPPRELITRWRETDLQFIRRLLSEVGIYWRTEMDSTRELDVYIFADSQLNYQFDVRLPYSEPSGLFDGAEESVWDVRSWHNVVTGSVVTRDHNYRTAATPLNATVSVRNDAVTSGEHYRYAAPYQEAGDDSDPEPETESGAFYARMHHERELNQSARIHLFSNAPHLTPGQVLEPQGDVINALKEGVIITLATYRASRDTRLHVSVWGMPYSERYSFRPVEIPRPAIHGTLPARIESGEKNDIYAHPDEQGRYRVRLDFDREGTGPGYLWLRMAKPYSGETSGWHMPLVDGTGVAIAWGNGDIDLPYIAHALHDSEHPDPVNRDNPTRNILCTAANNQLRMEDKRGEEHIALATEYGKTGLNSGHLVDAQGMPRGAGTELRTDERGTIRAGKGLLLSADNQPKAQGEVPDRAAALKETGRLQQQLRQLEMAAEQAQALKADIDSQMRMLAQRLKPLHKIIHFTAPQGMALTSGEDTQLAATENLAMNAGGDISAGVTGNLAALAGERLGLYARTGPLSLKAGEGPVDMQAQNGNMRLFAEQKLTIASEEDILFAGKKRITLTGGGGSYLRLEAGKVEYGTTGTYRRRVKRTMVAGAANLPLPFRNKGLCLSCLMDAAMNGTPVVLRGN,1,1,1,1,1,1,0,0,1
MDPIRPRTPSPAHELLAGPQPDRVQPQPTADRGGAPPAGSPLDGLPARRTMSRTRLPSPPAPLPAFSAGSFSDLLRQFDPSLLDTSLFNSMSAFGAPHTEAASGEGDEVQSGLRAADDPQATVQVAVTAARPPRAKPAPRRRAAHTSDASPAGQVDLCTLGYSQQQQEKIKLKARSTVAQHHEALIGHGFTRAHIVALSQHPAALGTVAVKYQAMIAALPEATHEDIVGGGKQWSGARALEALLTVSGELRGPPLQLDTGQLLKIAKRGGVTAVEAVHAWRNALTGAPLNLTPDQVVAIASNIGGKQALETVQRLLPVLCEQHGLTLDQVVAIASNGGGKQALETVQRLLPVLCEQHGLTPDQVVAIASNIGGKQALETVQRLLPVLCEQHGLTPDQVVAIASNNGGKQALETVQRLLPVLCEQHGLTPDQVVAIASNIGGKQALETVQRLLPVLRQAHGLTPAQVVAIASHDGGKQALETVQQLLPVLCEQHGLTPAQVVAIASNSGGKQALETVQRLLPVLRQAHGLTPDQVVAIASNSGGKPALETVQRLLPVLCEQHGLTPDQVVAIASNNGGKQALETVQRLLPVLCEQHGLTRAQVVAIASNGGGKQALETVQRLLPVLCEQHGLTPDQVVAIASHDGGKQALETVQRLLPVLRQAHGLTPAQVVAIASNNGGKPALETVQRLLPVLCEQHGLTPDQVVAIASNIGGKQALETVQRLLPVLCEQHGLTPDQVVAIASNGGGKPALESTFAQLSRPDQALAALTNDHLVALACLGGRPALEAVRKGLPHAPTLIKRTNRRLPERTSHRVADHAQVARVLGFFQCHSHPAQAFDEAMTQFGMSRHGLLQLFRRAGVTELEARSGTLPPASQRWHRILQASGMKRAEPSGASAQTPDQASLHAFADALERELDAPSPIDRAGQALASSSRKRSRSESSVTGSFAQQAVEVRVPEQRDALHFLPLSWGVKRPRTRIGGGLPDPGTPMDADLAPSSTVMWEQDADPFAGAADDFPAFNEEEMAWLMELFPQ,1,1,1,1,1,1,1,0,1
MDPIRPRAPSPAREVLPGPQPDRVQPTADRGVSAPAGSPLDGLPARRTMSRTRLPSPPAPLPAFSAGSFSDLLRQFDPSLLDTSLFDSMPAVGTPHTEAAPAEGDEVQSALRAADDPPPTVRVAVTAAQVDLRTLGYSQQQEKIKPNVRSTVAQHHEALVGHGFTHAHIVALSRHPAALGTVAVKYQDMIAALPEATHEDIVGVGKQCSGARALEALLTVAGELRGPPLQLDTGQLVKIAKRGGVTAVEAVHASRNALTGAPLNLTPAQVVAIASNSGGKQALETVQRLLPVLCQAHGLTPEQVVAIASNGGGKQALETVQRLLPVLCQAHGLTPAQVVAIASNSGGKQALETVQRLLPVLCQAHGLTPDQVVAIASHDGGKQALETVQRLLPVLCQAHGLTPEQVVAIASNIGGKQALETVQRLLPVLCQAHGLTPEQVVAIASNGGGKQALETVQRLLPMLCQAHGLTPEQVVAIASNNGGKQALETVQRLLPVLCQAHGLTPEQVVAIASNGGGKQALETVQRLLPVLCQAHGLTPDQVVAIASHDGGKQALETVQRLLPVLCQAHGLTPAQVVAIASNIGGKQALETVRRLLPVLCQAHGLTPAQVVAIANNNGGKQALETVQRLLPVLCQAHGLTPEQVVAIASNGGKQALETVQRLLPVLCQAHGLTPEQVVAIASNIGGKQALETVQRLLPVLCQAHGLTPEQVVAIASNNGGKQALETVQRLLPVLCQAHGLTPDQVVAIASHDGGKQALETVQRLLPVLCQAHGLTLEQVVAIASNGGGKQALETVQRLLPVLCQAHGLTPAQVVAIACNIGGKQALETVRRLLPVLCQAHGLTPAQVVAIANNNGGKQALETVQRLLPVLCQAHGLTPAQVVAIASNGGKQALETVQRLLPVLCQAHGLTPAQVVAIASHDGGKQALETVQRLLPVLCQAHGLTPDQVVAIASNNGGKQALETVQRLLPVLCQAHGLTPEQVVAIASNGGGKQALESIVAQLSRPDPALAALTNDHLVALACLGGRPALDAVKKGLPHAPELIRRVNSRIAERTSDRVTDYAQVVRVLEFFQCHSHPAHAFDEAMTQFGMSRNGLLQLFRRVGVTELEACGGTLPPASQRWHRILQASGMKSAKPSCASAQTPDQASLHAFADSPERDLDAPSPMHEGDQTRASSRKRSRSDRAVTGPSAQQAVEVRVPEQRDALHLPLSWSVKRPRTRIGGGLPDPGTPMAADLAASSTLMWEQDVDHFAGAADDFPAFNEEELAWLRELLPQ,1,1,1,1,1,1,1,0,1
MYIQQSGAQSGVAAKTQHDKPSSLSGLAPGSSDAFARFHPEKAGAFVPLEGHEEVFFDARSSFSSVDAADLPSPEQVQPQLHSLRTLLPDLMVSIASLRDGATQYIKTRIKAMADNSIGATANIEAKRKIAQEHGCQLVHPFHQSKFLFEKTIDDRAFAADYGRAGGDGHACLGLSVNWCQSRAKGQSDEAFFHKLEDYQGDALLPRVMGFQHIEQQAYSNKLQNAAPMLLDTLPKLGMTLGKGLGRAQHAHYAVALENLDRDLKAVLQPGKDQMLLFLSDSHAMALHQDSQGCLHFFDPLFGVVQADSFSNMSHFLADVFKRDVGTHWRGTEQRLQLSEMVPRADFHLR,1,1,1,1,1,1,1,1,1
MRIGPPQPSIAHTAALAIPTHTSESSPTQVPHLQGNTPPLRERARRRAVSIPPLVSLNDSAMTGKPALVALDSEFSEQRLAEVQARQITVQALQGKLAAHLAQAGTALTPDSSAARFAAGALEPVYLDTAAFNAMSRGLPARARAAAGPVLIDAQQGRIVFNLQRAFASGDTFSDAALTALGKALDLPGHGLATPDWLQPAARTPTRRKLEHAPRYHGHEVPARDGGAAFFKANDHRLLEGKQALLRNHRKALVHDHYFEAPSTRALGKDVMVHRGLFDNHAGIPENSLSSIDNAYAKGYRNLELDVEVSADGVPVLMHDFSVGRMAGDPENRLVSQVPFAELREMPLVIRNPSDGNYVKTDQTIPGVEQMLEHVIKKPEPMSVALDCKENTGEAVAMLLMRRPDLRNAAAIKVYAKYYTGGFDQFLSNLYKHYQINPLHSQDAPRRAALDRLLAKINVVPVLSQAMLNDEHLRGFFRSNDDGAEGLADTAMQWLESWTRMRPVIVEAVATDDSDAGKAMAMARERMRQPDSAYAKAAYSVSYRFEDFSVPRANHDRDYYVYRNFGELQKLTNEEFGVKRTTAGAFRDDGESLLTDQAEAELLAILENRTLARGHTGNELDVPPETPIDVNRDAEIVKQRTREFQAGFIPADPNHIAAVREGKQRDHRADMVHDPAETRAVDKRAQASGLLTEKYRGAPVTHYLNERANQTEPE,1,1,1,1,1,1,1,1,1
MGGELKALRRHEIGAPASSSNARESCMKSASCLVGLSLLLATATATANANATATATATAHAQTSPVCPPLPPGSGLQWNELAGADYLVCKAMTADGRQVVGVMLTTRDPDMALARDRRAEKGQIRQEEFYWYKLDLGGNKVPGMESRRVTVVELGKKRYAQLWIDGASAEELASMQSMVQNMDLQPASLALQR,1,1,0,1,1,1,0,0,1
MDPIRPRRPSPAREPLPGPQPDGVQPTADRGVSAPAGGPLDGLPARRTMSRTRLPSPPAPSPAFSAGSFSDLLRPFDPSLLDTSLLDSMPAVGTPHTAAAPAEWDEAQSGLRAADDPPPTVRVAVTAARPPRAKPAPRRRAAQPSDASPAAQVDLSTLGYSQQQQEKIKPNVRSTVAQHHEALVGHGFTHAHIVALSQHPAALGTVAVTYQHIITALPEATHEDIVGVGKQWSGARALEALLADAGELRGPPLQLDTGQLLKIAKRGGVTAVEAVHASRNALTGAPLNLTPAQVVAIASNNGGKQALETVQRLLPVLCQAHGLTPDQVVAIASNNGSKQALETVQRLLPVLCQDHGLTPDQVVAIASNDGGKQALETVQRLLPVLCQDHGLSPDQVVTIASNGGKQALETLQRLLPVLCQDHGLTPDQVVAIASNSGGKQALETVQRLLPVLCQDHGLTPDQVVAIASNSGGKQALETVQRLLPVLCQAHGLTPDQVVAIASYGGGKQALETVQRVLPVLCQDHGLTPDQVVAIASNIGGKQALETLQRLLPVLCQDHGLTPDQVVAIANSNGGKQALETVQRLLPVLCQDHGLTPDQVVAIASHDGGKQALETVQRLLPVLCQDHGLTPDQVVAIASHDGSKQALETVQRLLPVLCQDHGLTPDQVVAIASNGGGKQALETVQRLLPVLCQDHGLTPDQVVAIASHDGGKQALETVQRLLPVLCQDHGLTPAQVVAIASNSGGKQALETVQRLLTVLCQDHGLTTDQVVAIANNNGGKQALETVQRLLPVLCQDHGLTTDQVVAIASHDGGKQALETVQRLLPVLCQDHGLTPAQVVAIASNGGGKQALESIVAQLSRPDPALAALTNDHLVALACLGGRPALDAVKKGLPHAPEFIRRVNRRIAERTSHRVADYAQVVRVLEFFQCHSHPAHAFDEAMTQFGMSRQGLVQLFRRVGVTELEARCGTLPPASQRWDRILQASGMKRGKPSPTSAQTPDQASLHGFADSLERDLDAPSPMHEGDQTRASSRKRSRSDHAVTGPSAQQAVEVRVPEQRDALHLPLSWSVKRPRTRIGGGLPDPGTPMAADLAASSTVMWEQDAAPFAGAADDFPAFNEEELAWLMELLPQ,1,1,1,1,1,1,1,0,1
MDPIRSRTPSPARELLPGPQPDGVQPTADRGVSPPAGGPLDGLPARRTMSRTRLPSPPAPSPAFSAGSFSDLLRQFDPSLFNTSLFDSLPPFGAHHTEAATGEWDEVQSGLRAADAPPPTMRVAVTAARPPRAKPAPRRRAAQPSDASPAAQVDLRTLGYSQQQQEKIKPKVRSTVAQHHEALVGHGFTHAHIVALSQHPAALGTVAVKYQDMIAALPEATHEAIVGVGKQWSGARALEALLTVAGELRGPPLQLDTGQLLKIAKRGGVTAVEAVHAWRNALTGAPLNLTPEQVVAIASHDGGKQALETVQRLLPVLCQAHGLTPQQVVAIASNGGGKQALETVQRLLPVLCQAHGLTPQQVVAIASNSGGKQALETVQRLLPVLCQAHGLTPEQVVAIASNGGGKQALETVQRLLPVLCQAHGLTPEQVVAIASNIGGKQALETVQALLPVLCQAHGLTPEQVVAIASNIGGKQALETVQALLPVLCQAHGLTPEQVVAIASNIGGKQALETVQALLPVLCQAHGLTPEQVVAIASHDGGKQALETVQRLLPVLCQAHGLTPEQVVAIASHDGGKQALETVQRLLPVLCQAHGLTPQQVVAIASNGGGKQALETVQRLLPVLCQAHGLTPEQVVAIASNSGGKQALETVQALLPVLCQAHGLTPEQVVAIASNSGGKQALETVQRLLPVLCQAHGLTPEQVVAIASHDGGKQALETVQRLLPVLCQAHGLTPEQVVAIASHDGGKQALETVQRLLPVLCQAHGLTPEQVVAIASHDGGKQALETVQRLLPVLCQAHGLTPQQVVAIASNGGGRPALETVQRLLPVLCQAHGLTPEQVVAIASHDGGKQALETVQRLLPVLCQAHGLTPQQVVAIASNGGGRPALESIVAQLSRPDPALAALTNDHLVALACLGGRPALDAVKKGLPHAPALIKRTNRRIPERTSHRVADHAQVVRVLGFFQCHSHPAQAFDDAMTQFGMSRHGLLQLFRRVGVTELEARSGTLPPASQRWDRILQASGMKRAKPSPTSTQTPDQASLHAFADSLERDLDAPSPMHEGDQTRASSRKRSRSDRAVTGPSAQQSFEVRVPEQRDALHLPLSWRVKRPRTSIGGGLPDPGTPTAADLAASSTVMREQDEDPFAGAADDFPAFNEEELAWLMELLPQ,1,1,1,1,1,1,1,0,1
MKVSHLTSPAPVVIEHQPRQSEKVSRDGDVIKPWSQLPAAAPSFGGCFGKSKKSRGYDSGSSSGSRSNAGFRLNHVPYVSQQNERMGCWYACTRMLGHSISSGPRLGLPELYDSSGPQGLQQREDVLRLMRNENLAEVSLPESRQFSANELGNLLSRHGPIMFGWQTPAGSWHMSVLTGIDKPNDAIIFHDPQRGPDLTMPLDSFNQRLAWRVPHAMLYSEN,1,1,1,1,1,1,1,1,1
MGEPVNPSFVFTAVDDISGCVPGGDINRISAHSPGACRMRPTSTSFPSLPHAQSRDGDSDMPASATAFPWHARDSASAFPGLSAAPVKRGRNATRSITAGAWRSSGMCLPQVDTQACDLVSAIAQVDRASAQPHGQDPQWEMRCRTVLESMRACAGESYKGDPATVADIDGLHLNVPMSTRRLKLWERETDDVIVAVLGFSGTCLNATDDLLCDMKSQIAQVHVNVFDERLPTLGKVGAGWQEWWQSEAQLPRADGTVMKDVLKRYMNRARESGKALSMSLTGHSLGAAAATLAGFDITHFLRAAGAPGKISIYSFNPPRLGPAGADTHYMQSLRSNDSELRFTLRQFARALDPIQSVPFFMHHPHWDHPGAADERAGSTSADRFAQFITVTDGPASTVNLADNHELTLWRSYFLSKIEPGDLQRIFSPMEVSQGTPEDRHLSRRQLFTSWLPYRQPPATRRPD,1,1,1,1,1,1,0,0,1
MSTISSVGAGYAAYASYASRSATTGNAASAAQAEKTNPLTQLFKSIDSDSDGSLTASELSTALSSNSNDDGKIDIDGLLSMLDQDGGGTVSESELAQALSPPPPPPGEQGQDVQSLFAGLDSDGDDSVSSGELSTLVNGDSTSSTQLLDLLDSDKSGALSLQELQEAMQPRDPPPRPPSSADASSSDGTQQAYAALMQMAVGQYRSVGGSATTSNLVDLAA,1,0,0,0,0,0,0,1,1
MGSGGLARQGPGSGDIAQLNSAASLFLQVPMRITNDNYSPIELLAEIATRRGTTSADTHRFFQGGKTSHDWLVEEWSSRVDCILESFKRYGIDVNATQFVRDQGIDVLLRVPNHQGKEWRLGFQIKSEQEAERDRTKKPGQENMIGTLKRQAHDAFERVDEWWILCCFDLDKHYKLVQGISSELTGGKQNRLIRVIDPRACAAMLRMSEAEVDAFCTLLLCRDDAVLRAAREEVAACHPNVGAFVLEHIVPALVDGERVSREEVASFLEEAFRKSERERLEDGGGEDDDCEAVIELDEDADEHGSVQDGIDDDEEFEDLDIHEMLQELESNGFLAAGTYDDDYRISPTAFPGVCALFFEARVRHGLNDDAAASYMRWLTLRQH,1,1,1,1,1,1,0,0,1
MGNICVGGSRMAHQVNSPDRVSNNSGDEDNVTSNQLLSVRRQLAESAGLPRDQHEFISSQAPESLRSSYNNLYSHTQRTLDFADMQHRFMTGASGINPGMLPRENVDDMRSAISDWSDMREALQHAMGIHADIPPSPERFVTTINPSGSIRMATLAPSPHRNW,1,1,1,1,1,1,1,1,1
MNISGPNRRQGTQAENTESASSSSVTNPPLQRGEGRRLRRQDALPTDIRYNANQTATSPQNARAAGRYESGASSSGANDTPQAEGSMPSSSALLQFRLAGGRNHSELENFHTMMLNSPKASRGDAIPEKPEAIPKRLLEKMEPINLAQLALRDKDLHEYAVMVCNQVKKGEGPNSNITQGDIKLLPLFAKAENTRNPGLNLHTFKSHKDCYQAIKEQNRDIQKNKQSLSMRVVYPPFKKMPDHHIALDIQLRYGHRPSIVGFESAPGNIIDAAEREILSALGNVKIKMVGNFLQYSKTDCTMFALNNALKAFKHHEEYTARLHNGEKQVPIPATFLKHAQSKSLVENHPEKDTTVTKDQGGLHMETLLHRNRAYRAQRSAGQHVTSIEGFRMQEIKRAGDFLAANRVRAKP,1,1,1,1,1,1,1,1,1
MGCVSSTSRSTGYYSGYESHEEPRAASRPTNSDDRGYETDSEPSSGNLIPNARSVYSESVLWHGTSMQSKIDLRSKGFDAGRKTGGATAGGNANMFMNLSREAQSETRRHHYLSSSQKEAKDFAMFADTSNPTLVRTIGVRNNLSLITDPRTGGTALMTDQSIPRKFVLGSKSSAPGENAKVFRDEMRAAGHNVSTKQAGELLREVQSDSDDDNFPDPDDFIMSRFTG,1,1,1,1,1,1,1,1,1
MRIHSAGHSLPAPGPSVETTEKAVQSSSAQNPASCSSQTERPEAGSTQVRPNYPYSSVKTRLPPVSSTGQAISDTPSSLPGYLLLRRLDRRPLDEDSIKALVPADEALREARRALPFGRGNIDVDAQRTHLQSGARAVAAKRLRKDAERAGHEPMPENDEMNWHVLVAMSGQVFGAGNCGEHARIASFAYGALAQESGRSPREKIHLAEQPGKDHVWAETDNSSAGSSPIVMDPWSNGAAILAEDSRFAKDRSAVERTYSFTLAMAAEAGKVARETAENVLTHTTSRLQKRLADQLPNVSPLEGGRYQPEKSVLDEAFARRVSDKLNSDDPRRALQMEIEAVGVAMSLGAEGVKTVARQAPKVVRQARSVASSKGMPPRR,1,1,1,1,1,1,1,1,1
MDPIRSRTPSPARELLPGPQPDGVQPTADRGVSPPAGGPLDGLPARRTMSRTRLPSPPAPSPAFSAGSFSDLLRQFDPSLFNTSLFDSLPPFGAHHTEAATGEWDEVQSGLRAADAPPPTMRVAVTAARPPRAKPAPRRRAAQPSDASPAAQVDLRTLGYSQQQQEKIKPKVRSTVAQHHEALVGHGFTHAHIVALSQHPAALGTVAVKYQDMIAALPEATHEAIVGVGKQWSGARALEALLTVAGELRGPPLQLDTGQLLKIAKRGGVTAVEAVHAWRNALTGAPLNLTPEQVVAIASHDGGKQALETVQRLLPVLCQAHGLTPEQVVAIASNIGGKQALETVQALLPVLCQAHGLTPEQVVAIASNGGGKQALETVQRLLPVLCQAHGLTPEQVVAIASHDGGKQALETVQRLLPVLCQAHGLTPEQVVAIASHDGGKQALETVQRLLPVLCQAHGLTPEQVVAIASNIGGKQALETVQRLLPVLCQAHGLPPEQVVAIASHDGGKQALETVQRLLPVLCQAHGLTLDQVVAIASNIGGKQALETVQRLLPVLCQAHGLTPQQVVAIASNSGGKQALETVQRLLPVLCQAHGLTPEQVVAIASHDGGKQALETVQRLLPVLCQAHGLTPEQVVAIASHDGGKQALETVQRLLPVLCQAHGLTPEQVVAIASHDGGKQALETVQRLLPVLCQAHGLTPAQVVAIASNNGGKQALETVQRLLPVLCQAHGLTPEQVVAIASNGGGRPALESIVAQLSRPDPALAALTNDHLVALACLGGRPALDAVKKGLPHAPALIKRTNRRIPERTSHRVADHAQVVRVLGFFQCHSHPAQAFDDAMTQFGMSRHGLVQLFRRVGVTELEARSGTLPPASQRWDRILQASGMKRAKPSPTSTQTPDQASLHAFADSLERDLDAPSPMHEGDQTRASSRKRSRSDRAVTGPSAQQSFEVRVPEQRDALHLPLSWRVKRPRTSIGGGLPDPGTPTAADLAASSTVMREQDEDPFAGAADDFPAFNEEELAWLMELLPQ,1,1,1,1,1,1,1,0,1
MQIKNSHLYSASRMVQNTFNASPKMEVTNAIAKNNEPAALSATQTAKTHEGDSKGQSSNNSKLPFRAMRYAAYLAGSAYLYDKTANNFFLSTTSLHDGKGGFTSDARLNDAQDKARKRYQNNHSSTLENKNSLLSPLRLCGENQFLTMIDYRAATKIYLSDLVDTEQAHTSILKNIMCLKGELTNEEAIKKLNPEKTPKDYDLTNSEAYISKNKYSLTGVKNEETGSTGYTSRSITKPFVEKGLKHFIKATHGEKALTPKQCMETLDNLLRKSITLNSDSQFAAGQALLVFRQVYAGEDAWGDAERVILKSHYNRGTVLQDEADKIELSRPFSEQDLAKNMFKRNTSIAGPVLYHAYIYIQEKIFKLPPDKIEDLKHKSMADLKNLPLTHVKLSNSGVGFEDASGLGDSFTALNATSCVNHARIMSGEPPLSKDDVVILIGCLNAVYDNSSGIRHSLREIARGCFVGAGFTVQDGDDFYKQICKNASKQFYNG,1,1,1,1,1,1,1,1,1
MTIVSGHIGKHPSLTTVQAGSSASVENQMPDPAQFSDGRWKKLPTQLSSITLARFDQDICTNNHGISQRAMCFGLSLSWINMIHAGKDHVTPYASAERMRFLGSFEGVVHARTVHNFYRTEHKFLMEQASANPGVSSGAMAGTESLLQAAELKGLKLQPVLEDKSNSGLPFLIACKQSGRQVSTDEAALSSLCDAIVENKRGVMVIYSQEIAHALGFSVSSDGKRATLFDPNLGEFHTHSKALADTIENISSADGLPLIGVQVFASKIH,1,1,1,1,1,1,1,1,1
MGNICGTSGSNHVYSPPISPQHASGSSTPVPSASGTMLSLSHEQILSQNYASNIKGKYRTNPRKGPSPRLSDTLMKQALSSVITQEKKRLKSQPKSIAQDIQPPNSMIKNALDEKDSHPFGDCFSDDEFLAIHLYTSCLYRPINHHLRYAPKNDVAPVVEAMNSGLAKLAQYPDYQVSGQLHRGIKQKMDDGEVMSRFKPGNTYRDDAFMSTSTRMDVTEEFTSDVTLHLQSSSAVNIGPFSKNPYEDEALIPPLTPFKVTGLHKQDDRWHVHLNEIAESSDE,1,1,1,1,1,1,1,1,1
MSDMKVNFSSKIIDSTPSEEEVATQQDSYTKSGLVAPSLDSQALKKAPRKRVIKENIAALHTSSLERVHQKKVLVQNLAQLQRGLAKINGRVELEELIDGFSVKELLIKRNPKIAEEYGEGNPLMIRSLRFSNPQEVTSKLGAEGKTPAKREVDTICNKSTLHDIVMTPASLVKKEVRMNLISEVPRAKDKQKYRGLPSVVYGQSSRRSESDYLTSRNGFGDVHSFKSNNAFNSDYEKICGSLSHAEKLGLIERNLTPFIRHDPDRISTDFVHSIEELAEHQMLLQSRKPASALRHNEYCTKLELWDAKAIAVGESRALAVATLIEFNLEMLSIAQEIDDDGHKSKMVADFIERQLSWLGPQTALDSKSTLERVSAVTIQEREFIANEISRSLRQGVSLCTYDKDEAGSHIREMSLLDFRVEEIIEGISIFISSKLLHVTNAGEA,1,1,1,1,1,1,1,0,1
MNIRKYLPVCFTGRTVEDDTLSSTPAQTEPRKKSGKRSTGMLTGLISRSRKASEPDLAVRRKPLAEPGSPIKAAGTRESGNSLQQLFDADPNVASTAGAAQVSQPPAGHMSDLAPPAGSVAPSPFSGARTWATASAAAIHEITPVPVSPAIEVEAPAGAKPAEAAAASGAVAGGGVPLRQEPLFDLAFKKGKIRVKARHPAQDRKQAHQLERLLNLRDNRVTSLTWNQATGGYLIDYQKHGVRYWVGMHGKSLPAIVLPAHPGMKQGCSPPPIGLLANLSGSPDGALWREHHGQLYQWDTQQAQWKPHALPGKMRAPITLLGRQLDGEAWARAGSMLLKLGAGGIRAYEVAGLERFSAVRMDAAGRPLALDGEGRLCRPDSPSAQPRPIQLQLADGRPAFEPVQLGKPDKPIQLARARDFVLAPDGHTLFARDQQGHLYQGDLHAADAASGEIKARRVGVPVRMPGSADGWGVETLATSPGPSDKGAALHAVFRSSEGQRVTAAWDGQQWQPQWHVEQPLLLMSERGLQAPAMRTVCTYNDGAALGISAAGQASQKDGAGHWRPLLQADGTPLADLRDLKLGPLGLADAKPVYALQSTPAGGSQLLALELGGNMARLPARPGVAVAAVPAQRYVSQVSVLAASAAPIRDFAVDGAGVAYHLTDDHALMRTPPGGQPQHLPAPPGQARLEQIAVSSDQHQVFALAHSPSQDGGAAPQLSLLRYDHASASWADCQAGLSVLDPETVRLGISRLGTLQLTTGGADGEQRTHRVVPPLGAQKRYRLLATGTTEPTVSQALTGNRPKRVRIPGTGVVATLHRTAGGVTERVQSNFRTAVGHVERVLAMPKGAVNRAMEHLRGRRDMAEEYDDMKATHLELEPLLHHRHWPLPPTVAAGPAVAPVVPEATAQACAALRGDAIDKMLGALAQIGVAARVLGPDLTLDAAAGRRKQRRPAKAKPDPDDLLPKMHSWLDEFVRRAEAQAKPSPEAGAKAPAPVFDPARLGDLHRIVELMHTLSEHGVKLPAPDLTGQRDTRDRFAILTGAVGRHLLTLDLATRLVTLPQTVAVIGSDSAVEVLRQSVETDKVLRLARFGFSNWHDAEAFWETAQTFKKEVMKPGSPFNRKFAESHAVRDASSPAEMALKFAEAMKGLSNRSTLFGIESKGASAGVTSAGVVLPKKRVGAFGFAVLGVDRTTMVGVERTADKLAEGPLVAFFVRQSNKGLTMGGGMGMDFKPLRKVLGFRLQGGAQASASVMHGKGAAMLVAPDNIDEFARRLFDPASHDPGRLLELGLNQGAIGLDMIEQQLNLSANAGGLGGYADKIPGFGPAHRHGDGSSTSAFQQTGLQRGFVGANVNWGVRDFFLKLQHAWEPISGYEYQGGRGWSANAFASLVQQGGLLPHVSDAFTLVLRSLNITLLGASVELSGVESFKRTLDWKTAARVTPQEWSQLAALAREVFPSQAIGHFDGPHLKAIIATTLQAAKSTWAARTEHERASFVDRAEQLLLQDQLASGGRAMLLPGAKIEFNIPNFRSLVDTRKNSKAHRSLGALMEAAERAREAVPGLADAMRAMSERDGVNDVRFVFQMDPSYINAVNRLMLEGKLSWAEFNTMARTVPAPYRLTEICAKDSDSNRSAFTLNPLPLLAFNDSAEVSRSLFAAEVHLRYGLNGRLLGADLLPGAQRAVAGQKVLQPFVDAGVQPVPAAGGAAPAQAPDLPRLQRSQSLPSERPAGPALKARSLERSKSLE,1,1,1,1,1,1,1,0,1
MSRIFRSSSTQPTQAPSTSGGTSSTQATPPQVRQRSASFQLKALARKTGRALGLVSAPRAEPQIKPGDKGPLGVLMHRERPSKLTRAFTGVPQPGDSQPSSRASSRASSHHTPERTSSSSSSHSAVSASGESLPHLPVHEKGLVQFAAVAKWTVQGEGVSDASQHNGVDERISMKKINIDNETHKKPGKLAHMDETRAGAQGDLSVAVSQMVNLLKERMRLNGNPDEVAEAEEIREALAQHQFPESLVYEAKHFGLRTEENRAAVVARFYEWAADDAELAEDAAQHEEHPATHEAR,1,1,1,1,1,1,1,1,1
MDAGRLPPSFVPPATLSPDATAGDHTIQTQNEPPRSPRKRASDVTSNLPRPARQPSAEPLEPASPGQAPSGFRTVPLPASTSSTVTQTEAIQPAPARIDPPLLQQSMAAWLPADVYDNARFTARSIREYAQEQLGLPNDADVVAHLFNALPEDQRTEPNRELLDKAMQHSVNASGAAMLMVNTDAGLQLVAANSQRHKIVIQTNGACEKGESIRQTVRREFKEELGNPAPNGILLGTLSEANLRAVNGLNYIGHTAAEIAAHIVKVEADPSELFLNVTSLFVNRAPVTMQALEAEVAHLNERLARAKPFYQEAVHYIYGDAKTTFQQDAQVRGEAANVVKRFRQACPDNITENFAQCLDAIKADGTDDMDALKQALAAIIDLAENDAIKLIDEPTFAQAMRLATRMDSDEAAKTALENDYFDMSFIGGALHLGDAEPEAFMAQLKAGETAPAIGRPVLNKDDAAQPEAAIRQAA,1,1,1,1,1,1,1,0,1
MGLPRIPSIFRPSSTASPDARRTDPEHTPPHAPPRRPKNRGLGALLDLPRLVRGRRDGASTSMDGPAIGAPPASPPAGFKLPRQNALNAEGICALERQFPPPSSGPSSGPLLRPSPSGQASASNPLPVRTLAEQLLRREQILASQPPAISVASSPPYIPVDALPPPLSKAFLEAFDPIRSLGLTDQSVFYRALASRYLLADGHQMKLAGNPRSGAYVRHHHRLLPSSGLASRETFESLPATARERMLNDPMQQYEWVRMRARDLPEPSLNVMFGVHAEAGARSYAKTSDHVVVSMTFGDLRKAGGQVFLDTRASAGSDHTKALIVTLPKGRTVPVKIIPNGRQEASTSTR,1,1,1,1,1,1,1,0,1
MGNGFSVNRHGPVVPQDVGPRSASADVDTPAASPAHPARTASGPLLGLRSAQAQHAVAAASGQAADGEIGPAIGAPDRLPEPRTEMAPPSMRAEQHLPAVAGDEASRTDAEPLSGARKLPPEMWTVIAHRDPVAQQRLRVVSRTTRAAAEVGIRQLIVKTPEGLAAVKRPGSYPNLRELTLVGNFWGNDLIGLPATLRELDLSGCSGLRVTGLDPLLALPLDQLNVSGCRLGAEGARQLANHPTLTSLDMRGNQIGDEGATYLADNPRLTVLDVGDNRIGDPGVIALARNTVLASLHLDGNTFGLDGIRALAKSATLTTLNVGKNRIGPEGAEALAEHAALTTLLIEENAIGDRGAQRLAANKILTTLNVRNNGIGPDGGLALAASTSIVSLAIGHNRIGSGAVLALAANRKLTSLDVEYTEISAVADAADAQAAAAAVAEVASALAASTSLVHLNVGTNCLGDEGARRLAASKTIKTLNISYNKIRLDGARALAANRMIASLDLAGNVIGTPGVKALAANTALATLNLRQSQIEPEGVVALAANKTLASLDVGANKLDPDSLRMLLTQMNLAVLDATFSGCEPGAGAELTALAARIGVTLRI,1,1,1,1,1,1,0,0,1
MRVLSRFSFTAQPRADSAEPKKAPVAGSRGAAARPAALEKLTAFSRSNAAKQANSFVRSPLPLRGDRYSSEPGVLPSAGQFDAHIWDELPTQMAQCAVARTRQGLAFRARFGAESAQHYSGSCVGLSAVWIRLHEAAPATHAVNRVNTAGSFDGMAHAKVYQRAYEANQSDMLQGRASKRFGKSDMARLDAIAQEQPSQILGLTIGTEAYSHKSVGSTARVLTEFDGYGLLALRMAGSRGAINGHAAALHRQPGSSHITFFEPNLGEFHIPLHDTKDFLQAYAGMQKSLGQPVSQFDLLPVGVHGSIHDTPLQTLAHSLVS,1,1,0,1,1,1,1,0,1
MSIQIDRPNNHFQTPSTWNHDAGSSIDTSQLQRAVQLLDQVLQQLEARKLFGNMLNQPGADNAGQNHAGGHGGGHHGGSNGFGENGRFGSPHANSPAQPDLELPANKPNNGKHNTSASTPDTQTAPSSTSPTTGTSPTPTSTSATEGKVAYGVKPPEPTGVVDVSKPIVVKAGETFDGGGKYYRPTKEMGDGSQNEHQKPLFILEPGATLKNVQYSGGDGIHLLGSAKLDRVVNRQVGEDAITIDGAKNRAHDAKIAGIDPASIPGGTPKVEITNSAFYGAKDKLAQINGDVDLQVKGMYVNGAGKVFRTNGGDTQIKATVNVQDSNFQNVSEAVFRTDSKFSTASFSDDVKSDAPFDGLAPDKSQVTGTNKVSYKAYSG,1,1,1,1,1,1,1,1,1
MPRSNMARGSAVPSAMPTGELARGRCSYRGFFTMRSNFNNSVNRQHSVPDTSANTTTPATIGQASTDRVPTARGLSQAEPGVRARDEQFAVLPRRRSRDENALPSIDQPAAQRPRVSLPPHAAKAASQPRVDSGASPSSAPKPELSMDLARKRYPALPHYLERLEAAYGSDTVLHPIEDIDHMETIIKGLNLADPMLNLHLDKMQADDSPEQIRESVLAKTLEAELRLEPRQRASNGWREIIHDTGHSIAMGVQCSRSSNDVSILVIDSGSADREVTKKWRGVVQAIAPDIQAKLGPSVSPVRLRVQFFAINTQRSQEGSGIFALSAAKKMASDRAIRGLQDLTLQMMAMGQYKEGVYRADERKAAQFLPPSLYKHATSKRVLDAYVAERARGALFRVMGRPDGKVNKKGQTLVERYAAHEIQRRERPVDYNVPLLCTYSNSYEAKRIDLIWTALAALTHPRQA,1,1,1,1,1,1,0,0,1
MRRTATSRPAAQGGDPAPSPPRFVVSTPMQIRNVPRSDLTPIRSGDNVSTPAPNSVPPRRARSASDLQAMGLCARGTPSSAPLALPAIGIATHHEAVQETHLSAAAALETELLLPHATDAGLAPRIAFRLMNVATRIAEHCAVKPSPGEPQAPIPEAWRCLEALASLRLRLHPAQLGLARQMLLGAVEASTHAPLDKALLQDILKAVTQADGPGLDEYVARRAYDGLCLGQLQLKADDEAEPPTRTFNSILPSLAASTYDYNPLGRTLLWEGACRLFDGPSAQRRRAALQTAVFSLPNVPAPGKQPLDNLIEFVLAIDDMKLYETTPASEPRAA,1,1,1,1,1,1,0,0,1
MVSRIPTGNRGQGNGIEQSASSHATEATPWLGVNLPYGHWLPSSARSVVSRASSLLGGLANFRWGGRPASARPAPNIRSAAIAPAQQTLPPELWQQIATLAGARPRRAMREVSLELRNASRAVVTHLTISDPAMFRQLSLYPALKSVRFKGELTLEALKALPPELEHLEIGRCTGSAISAEGLAHLASMPLKSLNLNGIEIGVEGARTLAASKSLVSLSLIGCGIGDRAAQALVASRSIQCLDLSVNRIGRDGAQALAGAPLVSLNLHNNEIGNEGARVLATSRTLTSLDVSNNGVGNAGAEAFAGNTVLKQLSLAGGMISGDGAQALADNKSLTDLDLSNNRLGDAGAQALADSESFVSLKLGGNEIGADGAEALARNVVLQSLNLSYNPIGFWGVNALGRAKLRKLDLCACAIDSDGASALARNTSLASLYLGSNRIGDDGARALAKNSTLTLLNLSGNNIHAVGAQALASNDSLITLDLSRNGIGDDGTAALACHPRLTSLNLSRNQIGSTGAQQLAKSATLAELDLSENRIGPEGAEALARSTVLTTLNVSYNAIGEAGARALAESVSLTSLDARRNGIGEDGAKVLEANTRITGTPQNPNFLAEDVPRPDVRWRD,1,1,1,1,1,1,1,1,1
MGCFNVTGASGKASDYVAERHANQPSTEQATQRPAARSAGQGVLQGLQRQNSTSRPSDDESAIQHAVAQARAGERFRPGPLPEQKELTGPKIGRSD,1,1,1,1,1,1,0,0,1
MKRLFRALGVSQPTRTYTPTTDTTSPAAATPESSRNSSPESSRSPSPVRSRSRNHPDLSDLPSRPRRKAEMLAESIQSARDRGVDPEFISYAETTLHNLASHTQPSVMETNLDIRHLDTIVQSYRYNNLNLQAFNSREAFVASLVEGQGSGRAERGVVRDYPNLHHFAADVRHHEDGRTTVIILEPASAGNQENLPGYTELASALRYNLGSQCRMVVIEAEAQKSLSDCVAFALDFALAAYQERRTTFDQWHENLAAYGTIADNGVQDKKYGPFDRGLYHNYGIHLIKGWGVLPPVFYKHAHSRETLKGVEKRQPGSLETDVSTGRNKDGAESLEERMEAFSDRHGFRPRNISIEASRARKIRHALES,1,1,0,1,1,1,1,1,1
MLKTRITPATQPASTSTVAHPDGATESQTQPPQVSGPRARTADRNFTNLPTRHASARALKQPVKLTRAASKVDTRALAAAAIQPGLSARLESMRQYLAELKTAAHADPNLRVETPGHRDAEFLDLLVAVENARHPKLALSAHTISLNTLNTTNPAAVASLARNLETSMRSREPWHAVVDIGGHAMALSVRHHPEQPKQISMIVVNSAGEHLSVPEWNLMATLLAGHLNHKLEQAGDPKGVRIVLHCLNTGIQKTNHGGAIFALSAVKAMPGDEDIGKLHAHALSEAGKHADAVDVHVIDETPLLGPRFFKHMTHAFGLERMLTNRPDLRTAPVNKKTGLPLAQYQSQHLRPHRLLQHVRETSSTSYEDKRLQLYERAITHLASARVEALTDHLDALRRACKGKADMPAPRDAEFLDLLVEVENKLDPQLRLSAHKIDAPRLAVRDPGAIASLAPVVADGVRGGGDWHATLDIGDGHHVAVAARHDAAHPTHVSLAVLDGAGSPFSPANWRDLASTVAKCLDAAGNGRTGKVWLTYVDASSQATTSNSALFALRATKEMKESGLQHDGLIDQMHKNALNLARSAQTAVSLGKYGGPAPLDPEYGTGGGADRYSLDGILRQEHIKMYKHAIRHFERAKEPAPERH,1,1,1,1,1,1,1,1,1
MRLNLHATEKKTTVQNVENPNNSTIPPLQQGSSSSAPQASGGTLASEGKNIASMPAIRQHLSADGENGAARQKNKSFSLKNFLGFKKTTKAPAQPTNPGSNVPESSRIRRPTLGDFLAQPEQDGEIQAPHPSAASPRLTRSPGVSRHSVEDMRDKPVAKADPRETSAIDIKHQLNNFNQMRQNILNKTRPFSQGATTSSVMDARAPLPAIPSTTSEITEEVDATQPEQQLPQRHLDARENPSRILKTGRDVTSIHRFRPTLPAIAENTAEAEANRRIQPLQTPPPLENTPVSPLSLTLDKGKLRLADSNPTAMNTLLEQTLGKEGQHYVAHTASAEGNHHMLLDEQGHLFDLKSHEGGYSVFHNSLPSTVKMQLSKNNDEPIKLVNDNGKLILDRGAEGQEVLHLNPPGEIHHAYLSGIWRHSVAGEMNQENQWVRIHDDKIHYLNNEVGVWQTSDKTPYSQLSVQGDGKLYAVRDSRALHNLSDNHVSESFVDKIKSFAVSEHGEVAVLTDTESPHHICLMPSANAVSSERIAFSLHLADTMQMLQRGEPHLETQSIALKDGRLFAADSEGKLYCGELSQIKDGELPMNPMSQNVLKQHFGHDHRIEGFFTDDNGQVNALVKDNFRQMHACPLADDNQFHAGWNLSDALIINNQLGLNNINPAPHEIVNLGHEGSLTLQDGKVHYFDQLTRGWTEAEAGCQQLKKGLDGGAYILKEGEVKRLNINQSTSSISQGRDNFFALPHVRNKPEPGTALHGLDKTDKAQAIAVVGVNNYLALSEKGDIRSFQIKPGAQQLARPARTLSQEGLNGTLKDIHLDKKQNLYAVTREGEIFRQAREHWQQGESGRGWQKLTMPPGESGIDRIETDAHFHPVAVLLDGSRYQLRGETWHPQNASEPTQLETGLRDSQRVFARLNQDMKGGLIPGTGLTIQASAQLAGKTGRENRQIKSKFAERVRAYIFNPTMATPRPLKNIAYNLQHRWQGRRGLSAVYEMQGALIKQLESQNVRNKGAQTDLQSKLDALDFGEQGATLLKNIKQFREELENSATQAAILLGKHQGVLTSNGQINEKFKPPISKAAIQSFNVNRSGRDLSKGLEQAVRAASPSPQSKLQKLLSHFVTSGLNMSHQKGDIPLGRQRDPNDENALTKSRLILDVVTLGELHEFVDKAALISGHNPDPSQIAQLHQQFEALRENQYEANPVKQFTDMGFTHNAALEANYDAVKAFINAFRKEHHGVNLTTRTVLETQGNASLEKKLKDTLLSLNAGESMSFSRAYSGGLSTAFVPTIKKIPVPIVPGAGITLDRAYNLTFGRTDGGLDVSFARDGGVTGTLSVSTGHDLLPYMTGTQTTAENASDWLSKKHKISPDFRIGATLSSNMQRTLQNSLNFKLTEDELPSFLNGMIQGTLTPVDLMKKGIEHQMKQGSKLVFNIDVSAASDLRAGINITADGSKPDTATFRASTGLSASANLVSARSERSTTVGQLGNTVSASDNRPTFFNSANIGANLTLSAGVAHDFIRGASVSQDGTTKPEKKPGTFPAFMSVNVSAALALDNRTTQSISVEMKHADPVSQNDIDELISTLGKHFKDSMSTTLLSSLKNQENPDPAEQLKSLDRHFSYNNVVGDDRYEAVRSLKQLVQRQRAAESNMMELGSAKHTTQYSNLSRLDENGIFDILHHHFNAALPPTSATRISNMMANNPLLKALIQKLQSSPFTSASVSMELKDGLRDQTEKAILDGKVGREELALLFQDRNNLRIRSINVSQSVSKSEGFNMPTLLLGASNSAGLSMGRNIGTINFKYGQDQDTPRRFTLEGEIAKANPDVASALSELKKEGFEMKS,0,1,1,1,1,1,1,1,1
HAWRNALTGAPLNLTPDQVVAIASNIGGKQALETVQRLLPVLCQDHGLTPDQVVAIASHGGGKQALETVQRLLPVLCQDHGLTPDQVVAIASNIGGKQALETVQRLLPVLCQAHGLTPDQVVAIASNIGGKQALETVQRLLPVLCQDHGLTPAQVVAIASNSGGKQALETVQRLLPVLCQDHGLTPDQVVAIASHDGGKQALETVQRLLPVLCQDHGLTPDQVVAIANNNGGKQALETLQRLLPVLCQDHGLTPDQVVAIASHDGGKQALETVQRLLPVLCQDHGLTPDQVVAIASHDGGKQALETVQRLLPVLCQDHGLTPAQVVAIASHDGGKQALETVQRLLPVLCQDHGLTPDQVVAIASNSGGKQALETVQRLLPVLCQDHGLTPDQVVAIASNGGKQALETVQRLLPVLCQDHGLTPDQVVAIASNGGKQALETVQRLLPVQRLLPVLCQDHGLTQDQVVAIASHDGGKQALETVQRLLPVLCQDHGLTPDQVVAIASHDGGKQALETVQRLLPVLCQDHGLTPDQVVAIASNSGGKQALETVQRLLPVLCQDHGLTPDQVVAIASNNGGKQALETVQRLLPVLFQEHGLTPDQVVAIASNSGGKQALETVQRLLPVLCQDHGLTPDQVVAIANNNGGKQALETVQRLLPVLCQDHGLTPAQVVAIASNIGGKQALETVQRLLPVLCQDHGLTLDQVVAIASNGGSKQALETVQRLLPVLCQDHGLTPDQVVAIANNNGGKQALETVQRLLPVLCQDHGLTPDQVVAIASNIGGKQALETVQRLLPVLCQDHGLTLDQVVAIASNGGKQALETVQRLLPVLCQDHGLTPNQVVAIASNSGGKQALETVQRLLPVLCQDHGLTPNQVVAIASNGGKQALESIVAQLSRPDPALAALTNDHLVALACLGGSPALDAVKKGLPHAPELIRRINRRIPERTSHRVPDLAHVVRVLGFFQSHSHPAQAFDDAMKQFEMSRHGLVQLFRRVGVTEFEARYGTLPPASQRWDRILQASGMKRAKPSPTSAQTPDQASLHA,1,1,0,1,1,1,0,0,1
MSVGNIQSPSNLPGLQNLNLNTNTNSQQSGQSVQDLIKQVEKDILNIIAALVQKAAQSAGGNTGNTGNAPAKDGNANAGANDPSKNDPSKSQGPQSANKTGNVDDANNQDPMQALMQLLEDLVKLLKAALHMQQPGGNDKGNGVGGANGAKGAGGQGGLAEALQEIEQILAQLGGGGAGAGGAGGGVGGAGGADGGSGAGGAGGANGADGGNGVNGNQANGPQNAGDVNGANGADDGSEDQGGLTGVLQKLMKILNALVQMMQQGGLGGGNQAQGGSKGAGNASPASGANPGANQPGSADDQSSGQNNLQSQIMDVVKEVVQILQQMLAAQNGGSQQSTSTQPM,1,1,1,1,1,1,1,1,1
MRIRSTTAPTPAGPSAPRPRSRRAVAALALAGGLASAAVLAVPVAASAQDASVVVASASADHAASAAHWTPAARAAALAADAPSVAGSASASGSTQSGTLSSSDAASAASGAPVPHPDQPFVGVLFYVSGGRNHACTASVVDTPSGDTIATAAHCLVDRRTGAATTLATFIPGAQGAAAPHGIWPVRVAAVSSAWTATGRASDDAGFARVSGPAGEVLAASVGAAEPVFGSALVPASGVAPRLAVLGYPTAGSATAALEACAGRPQHDTGGQTSLQCTLGTGAAGSPVLTAAGEQRAVVARPSAGRGVLLASWGADAERALTSLHGR,0,1,0,1,0,0,0,0,0
MNKNRGLTPLAAVLMLSGSLALTACDKKDPQQTEQQQAPEVGIITLKSTPLKITTDLPGRTSSFRVAEVRPQVSGIILKRNFVEGSDIKAGESLYQIDPATYQAAYDSAKGDLAQAQANAQIAATTVRRYKPLMGTKYISQQDYDTAVATQSQTAAAVVASRAAVESARINLAYTKVTSPIDGRIGKSSVTEGALVTSAQTTALASVQQLDPVYVDVTQPSEDFMRLREELASGKLQQINGKAEVKLLLQSGSEYAQSGVLEFSDVTVDETTGSITLRAIFPNPDHHLLPGMFVRARLDEGTNPNALLVPQQGVTRTPTGQATAMVVGPDNKVESRNLTADRAIGDKWLVTEGLNAGDRVIITGLQRVKPGATVTPQEVSDDGAKTTTQAQSEKPKS,0,0,0,0,0,0,0,0,0
MRCRVALFSATSAIKAIAATLQPLQPLQPSQPLQPHYSHYSHYSHYSHYSGRMRELTFTFLMLLPFSGLRATAQCYWGLLAYRTLAGMGLDGEFGIGMSPIAAFPVLNCAAPDSGICLLSLYAPPHYVRPFSADSLRSWPEP,0,0,0,0,0,0,0,0,0
MKKKTRLSTGVMTLVSTSSLLMLTLSSARGQQMPAAPQLDAKAWILMDYNSSKVLAEYNADLRLDPASLTKMMSSYVIGQALKAGKISKDDVVTVGKDAWATGNPVLKGSSLMFLKPGDRIAVSELNKGIVIQSGNDASIALADYVAGSQDAFVGLMNHYVQALGLKNTHFKTVHGLDANGQYSTARDMALIGQALIRDVPDEYALHKDKAFTFNKIRQHNRNRLLWSTNLQVDGIKTGHTSGAGNNLVASAVDGDRRIISVVLGAATDAVRFRESEKLLIWGVRNFETVTPVKAGNAFVTQRVWYGDRHEVNLGVAQDAAITLPHGQMKNLKASFTLSQPQLTAPLAKNQVVGTIDFQLNGQSVEQRPLVVLEAVKEGGVFGRIWDFVKMKINSWFGQWFS,0,0,0,0,0,0,0,0,0
MLRKWMLMLFAGLVLSGCGGVPVTRYSQEEPKLDLRHYFTGRVEAWGMFQKRSGEVTKRFTVVIDGHSEGEVLVMHEAFSYSDGTKQVREWRLRPDGPGRWKGTAGDVVGEAYGEVSGNSLHWNYVLRLLVDGTEYDVSLDDWMYLIDKQTMANRSSMTKLGVEVGQITLFFRKAGK,0,0,0,0,0,0,0,0,0
MKALLVTLALCGVSSFAMAEESQTKVAAQQARVEQYTYGTHLDIARVISISEIPNVCEVVPARMVYEDSQGARHTMSYQVMGNGCSNG,0,0,0,0,0,0,0,0,0
MSLRVKITAGFLLLCSGTLTAFLGTWEGNGQNVVYADRLAGGLPTVCKGITRHTSPDPVVVGEYWSDARCAEVEGLVIAKGQLSLADCLTNQAIGQNTFDALSSHGHNFGVPTTCASRAVGLINAGRIADGCRALAWASDGTTPVWAYVTGADGRKTFVRGLHNRRLAEMRLCLQ,0,0,0,0,0,0,0,0,0
MRTVILRRGLVALFAAAVALGAVTQAQAEDLRIGYQKYGTLVLLKAKGSLEKRLAEQGVKVQWTEFPGGPQLLEGLNVGSIDFGVTGETPPVFAQAAGADLLYVAYEPPAPTSEAILVPKDSPITSVKDLKGKKVVLNKGSNVHYLLVKALEDAGLKYTDIQTVFLPPADARAAFERGSVDAWVIWDPYQAAAEKQLQARTLKDGTGIVDNHQFYLATKPYAQKNPKVIQALIEEVRAVGEWSKAHPDEVTKQVAPLLGLPADITLTSVKRQGYGALFITPPVVAAQQKIADTFYQLKLIPKPLSIADVVWTPPAAVAQAQ,0,0,0,0,0,0,0,0,0
MEFSKRLKVILALAAVMIAVQVLNSITGNGLIHFGIIPRNATGLRGIVFAPFLHGSIQHLLSNLLPFIVLSWLVATEGVRRYAWVAGLVCLLGGLLVWSFGRSNIHVGASGLIFGLWAYLLARAWYQRSIASVLVALLVLAGYSGLVFGFVPVAGISFESHIAGALAGICVAWLMHSKALLAQK,0,0,0,0,0,0,0,0,0
MRKSALLVASFTAMALMLGGCASNLTGDSYSRDEARTVQTVRMGTIESLRPVKIEGTKTPIGGAAGAVVGGVGGSAIGGGRGSIVAAVIGAVAGGLLGSATEEGLTRTQGVEITVREDDGSMRAYVQQVQENEIFRVGERVRIMSVNGTSRVTH,0,0,0,0,0,0,0,0,0
MRNILLLAAAVGCSFGLPAQAATFAYISSPTDGLISQYRLDEQSGALSLVEQTKAGDQVNPMAISSDGKRYLQRCVPSLIKC,0,0,0,0,0,0,0,0,0
MPSTDRFSLKIPNARQLAGCAALAAAVTLPVSAAHAAKPPIVVTEGIKAFRLCTGPDNLSHVIEGSIDQKVMTDVSALHFKETPAHSQYD,0,0,0,0,0,0,0,0,0
MPVHSRFLAWLLLPLLALGSCIALADPVEGAAQALHLLDYLGADYPATVADGKVVDTVKYQQQVDNLAALQGLVVALPQRAERDALEQAVTQLKSAVAGRQDAAQVTRQARQLSAKLALAYEVSQAPAITPDPARGAPLYAQHCSVCHGDSGAGDGPAGIGLEPPPSNLRDTARLDRLSLYDLYNATGLGIAGTDMPAFADQLDDRQRWDIATYIASFSAQPVAQPAKTFNLADLARQTPAEVQAAEGPDATATFRAQRAQPPQVQRGPAQLLDYTSVTLDKSLAAYKAGDREQAYDLSVAAYLEGFELVESSLDNVDANVRKDTEKSLMAYRQSLQDSMPLPQVAQKLEAAKGKLKESADLLGSDGLSLSLSYISGLLILLREGLEAILVLAAILAFLRNTGQQSAVRSVNIGWGLALLAGLATWALAAYVIDVSGAQRELLEGATALFASVMVLWLGVWMHDRRHAAAWQDYIKSSLVGGGGRFGFALLAFFSVYRELFEVILFYETLWLQAGPAGHDAVLAGGATALVLLVGLAWVILRGSAKLPLSLFFGINAALLCALSVVFAGHGVKALQEAGIFGTRPVPFFEFDWLGIHADLYSLGAQAIALIAIAVLYGRSRLTEKRRLQTAD,0,0,0,0,0,0,0,0,0
MKTSQSGFTLLEMLAALTVMAVCSGVLLVAFGQSARSLQQVSRSDRLSHAARTIMDQESAGPLENGTRKGELAGIDWTLDIRQLPGANGQARMFRLDLMLSEHQRKAQFSTFKLRGAVSGAGS,0,0,0,0,0,0,0,0,0
MLRRILFGLLAVSSLTLVGCAHSPQQLSPTPKLNAQLAAVGRGQPVVVRVVDGRPGPTLGTRGGMYPETSAISVTGADIVPKLQAQAESAVRLLGFTPTQGGNAPQLTVTLADLKYQSPKEGLYVTEATISSTFRADVRNNGRSYSGRYAASLDQRFGMAPNQETNTKLVSDVLSDALTRVFQDPTIGSTLAQ,0,0,0,0,0,0,0,0,0
MNMRSLSISRRLWLILVVSVLMLLVLAAALLRQTHEDLYRAKSEKTMHVVQTASGILTFYQGLEAAGSMTREAAQQQALKEIKGLRYSQNDYFWINDLRPVMIMHPTNPKLKGQDISTIRDPDGFAVFNEMVALVKSKGAGMVNYRWPKPGASEPVKKTSYVQLFQPWGWILGSGVYVDDVAAEFKTQLWNAGLFIVGIVLVMVLLLVLIVRSIVRPLRAAVAAMANIASGESDLTRTLETHGKDEITELGGHFNAFIAKLRNVVSQLQSSSVALGQASTDLGSNAEQAQNRSQQQSQQMDLVATAVNEVTYGVQDVAKNAEHAASEMRDAESQAQQGQVNIDNSLRQIEHLSGTIGQAVDVMKSLASESTQIGSVLEVISSIAEQTNLLALNAAIEAARAGEQGRGFAVVADEVRLLAQRTQKSTAEIQAMIERLQKHSDAAVKVIGDSSRSSQLTIEQANQAGQSLSSISQALRNLNSLNASIASATLQQTHVVDDINQNVTQAAQLSQSTALAAEQSTSASLHLRGLSEELNTLLRQFRV,0,0,0,0,0,0,0,0,0
MRLIRMLLATALTFSVIPAHADGKDVARLTQLLEKSQTLTARFSQLTLDGGGTQLQETTGEMALQRPGLFNWHTDAPQEQLMVSDGKKVSLWDPDLEQVTIKKLDQRLTQTPALLLSGDVSKISESFDITAKEAGGVIDFMLKPKTKDTLFDSLRLSFRNGIINDMQLIDSVGQRTNILFTGVKANESIAASKFQFQIPKGADVIQE,0,0,0,0,0,0,0,0,0
MTSNNTAHRSATKRLFKTCALAAGLGLMSLPAFAGDSALYGPTAPKGSTFVRVYNASSAEISASVGNTNLNEVAPLGSTAFSFMPQGDYTAKLGSQSVPVKLASDHYYTLVNNASGKPQLVEEPPFKNKQKSLVRVQNLSDKSLTLKTADGKTEVVNTVAAKGTGEREINPVKVSLALYDGDKKVTDVKPVALERGEAAVLYITGSGSSLSPVWVKPPVATR,0,0,0,0,0,0,0,0,0
MRSRLFSFLSCLLLSTTAVQTAHAVDLNQQRKYYDEAKRALAKGDSGPYQMYSTALADYPLEPYLEYDELTARLKTASNAEIEKFLAEHGDLPQANWMKLRWLRWLADRGDWQPFVKYYDPKMNFVELDCLYGQYQLNNNQRAEGYASAEKLWMTGKTLPAACDGFFAQWAAAGQLTEQKRWQRAKLAAQARNYSLANTLVNSLNSLAPQGRLLLAVAQKPDMVSNPGQFAPVDEAMSDVVGLGLRRLAKDDPQKALSMLDGYSATMHFSREEQVEIAKQIGLTLARRYDDRALEVMTKYDPELRDNTVTEWRLRLLLRLGRWEEAYELARRLPKDLAATNRWRYWEARSLELAQPNSPLIASLYKDVAKERDFYGFLAADRTQSPYQLNNKPLVLSQALINKVRNTPGVRRALEFHDRGEIVDGRREWYHVSRLFSRDEMVAQAKLAYDLKWYFPAIRTISQAQYWDDLDIRFPMAHRDTLVREAKVRGLHSSWVFAIIRQESAFMDDARSGVGASGLMQLMPATAKETARKFSIPLSSPQQVLDPDTNIQLGAAYLSSVHAQFNGNRVLASAAYNAGPGRVRQWLRGANHLAFDVWVESIPFDETRQYVQNVLSYSVIYGQKLNSPQPLVDWHERFFDDL,0,0,0,0,0,0,0,0,0
MKHLLLIAILALTAACSSKEVIDENLSEVELYQQAQADLGNNSYNSATEKLKALESRYPFGRYADQAQLELIYSNYKNGEPEAAKSAAERFIRLHPQHPNVDYAYYMKGLTSFDQDVGLLARFLPLDQTKRDPGAARDSFNEFAQLTSRYPNSRYSPDAKQRMIYLRNLLASYEIHVADYYLTRQAYVAAANRGRYVVENFQETPSVGDGLAVMVESYQRLHLDDLAATSLEVLKTNYPNHPQLVDGKFNPRQAEADNRSWLSKATLGLIDGSAPLPPGQTRADQDIKKQYQDAKDSIPKELLPENQAELDEQAEKDAEAKGTKSRSWFSYMTLGLFD,0,0,0,0,0,0,0,0,0
MKKLAAFLIALATGAGFLMTAPAQAAPTAGKEYKVLQTPQPVAAGKIEVTEFFWYGCPHCYDFENTWTAWVAKQGKDVVIKRVPVAFNAKLEPHTRIYYALEALGKLEAKDASGRTLHDRVFDQLHKNYRSMSEPDQIADFMAANGVDRKAFLDAYNSFGVNANTKRAAQLADQYKIEGVPTVVVQGKYTTSPADAGSNVGAAQTLDYVVQQVRDHKM,0,0,0,0,0,0,0,0,0
MARPGAAFRAWRGIAAALAMLAATAAPAAPKGHATAAPAAPACFTFAVVGNVPQRPEDVAPARALLDAIDTEHPAFVVHLGNLKGRDESCTDNLLEERHDLLDSTITPLIYIPGDHDWSDCGRPTAGRFDPIERLLRLRDLFYPDDNALGQRTMTVMRQSDQAKFRSYRENARWETGGVLFVTLNVPGDNNNYKTAGGRNGEYEDRLEANRQWLARAFAIARQRKLPGMVIMMQADPLFEDGWERRRAPNLLDGLLRRRPHDGYLALKRQLRALAREYDGAVLLIHGASQSFLLDRPLKDESGRPDPHVMRARTFGSPTLDQWLEVSVTPGTAPLFHIRARRLASDIAPSTPQQ,1,0,0,0,0,0,0,0,0
MTNRSRPRSSLRSLISILGLAIWLAGCGQADKQKLQDSHMTRSKMTLWQAIDALAQQVPFTKAKIENLLSTQFVETGSSPNEISQYFESHSVTLSDGVVIETVDLRTQHQSSHPGFMVLKLSGPCIGLDMVRSHYGNLEVTDVPRGRSLEESTTHSTTLPWGRLSFSFKERNPGCLASVTFKPKREE,0,0,0,0,0,0,0,0,0
MKRARAMLAMAALAWSASVQAAGPVGAMPAGAAPLFGVTVDAVDDVNGVVDALAHLSRTPTARIVFDEGMDAAHYAAPVAAIRRVAYVMGELIDSSTLRLYSVRQVGARATDYLDVLGDSVDLWEIGNEINGEWTGRTREVVDKTLAVYDAARQRGVRTALTLYYNEGCAGQPDRAMFDWAARNLPARLRNGVDYVFISYYEDDCKIAPPDWDAVFTRLGGLFPHAALGFGEVGTRHADRKRALIAHYYGLTVHHPRYVGGYFWWYFRQDMVPRSRPLWRDIDDAFRAMPAPLTR,0,0,0,0,0,0,0,0,0
MKLRTLVAALSAVAATAAFAAPVTYQLDPSHTYPSFEADHMGGLSKWRGKFEKSNGVVTLDREAKAGTIDVTVQTDSIDFGFAKMNEHAKGPDLFDVTKYPTATFKGTFTKFKGDAPTEAEGQLTLHGVTKPVKLEIDSFKCMQHPMLKREVCGADAEMKFNRDEFGLDYGKQYGFKMETKLRIQVEGLKQDASVAQQ,0,0,0,0,0,0,0,0,0
MQKKHLAALLLPLMASLSHAGEFHAPDTLVWQDRTYQLAYQNALPDGQRFYEYTTNGESVDAWTTLLTLRYGKNIQQDPTAWVVATKHALDRATPRPHYQLSVDGPSGYARILYEPTAKAPTYESDAHRSYHVGACDGLVIYQVAVKYEPAADASPKGRFERLDWIAGENAKLADALKKQAWAPRCD,0,0,0,0,0,0,0,0,0
MFSTRAFIRRALRFAARARSLGTPRAWRRGVAGAALLAACAWPAWAAADIEGVRFDEAVRLAGHELPLNGTGLRSFFMIKGYVAGLYLPERAKNAAVILGMKGPKRLQIHPLRDVGADTFIHALVDGIHRNQTEAQVRKLADRLRQLEDAMRKIGATRRGDTINVDYTPQAGTVLSVNGVARGRPIPGEDFYQAVLRIFIGDDPVDRDLKSGLLGT,0,0,0,0,0,0,0,0,0
MLAMTSRLAARALSCALAAIPLAVSTLARADAASGTDAAATVDLDATTVTARSQRGFAASTAEVGSFRGQSLRDIPATVNVVTREALDAQQDRTLYDALRNTAGVTRQQLSGETFDNLAIRGVTLENRTNFRLNGSMPVFNLMAIPLEDKERVEVLKGVSALYYGYTTPGGMVNLVTKRAGNTPVTSVGMSVDSNGTAIANVDVARRFGEDNQYGLRFNAAGGRLGSATSGIDGDRQMASLAFDWKVNSRLSLKADVEYARQVITEQSVVTLPAAKNGVISLPAMPDPTKRLSPDWAKFRANSTTAMLRADYALNDDWLVTVEGGTSELARTRAFTEIGSVNAVTGKGTISGNRQDGRWTTGHLRADLNGTQMTGSVKHELTFGVARSEMRQAAVYSSRFSGTQNLYNPVDLGWLPTTGTSVTAAQRAVDTGVYALDRMTLTQHWQVIAGLRYTSYTSVQAPNRYEASKTTPLGALIYKFTPTLSAYASYAQGLEAGDRAPNTAANANVAMPPAVSKQKEVGVRYETPAGTQLSAALYEIDRAASYTNASNVYVQDGRQRIRGLELNAQGRVTNDLSLLASAGWIDAKFRGVGNGLDGKTPENTPRATASLFAEYTLPMLRSVSFNAGAYYVGPRPVNDADQAWLGGTTLFGAGARYVTRVAGKRTTWQLNVDNLTDKRYWAGAGNNRLSMGAPRVFKLSMKIDL,0,0,0,0,0,0,0,0,0
MTRATKAVVVMLAFAVSASILFAYLWIDRSISLSYARQGEDTAIGTVRGLELILEHEWRGLPEPEVFHKLNAVAAQGAGAKIVVKKEGNIIWFDEVRFNFDEGRLKSIGDK,0,0,0,0,0,0,0,0,0
MTIFCRHYHRVWLIVLLCLCSAGVSAQGIAKGADVSWLNQQAANNPPQVFRDAAGNTTDFIKLFKDVGGNAIRLRVWVNPSGGWNDGRDTLDKAKRAAAQGMRIMIDFHYSDSWADPGKQTKPAAWAGHSVAQLNTDVYSHTQGILKYLKDNGITVSWVQVGNEINSGMLWNEGKTPNFATLGQFINSGYTATKAVYPNAKVVLHLANGYDNANFRWFFDNLRSAGGKWDVIGMSHYPPVGSWQDYNSRLDTNMRDMIARYGSDVVISEVGMDWQQAATTRAMLSNLLSRSSSIGARPRRVLLGAQRLPGLAGLHHGRSQQQRPTDRSAASILTSTLPRGGARRGAMSWQTQRPRHRVGAPPGATGFTDKAARAQVRSCNRWRPPLGCAGDGTQLHPQTRHRVGAHLGARASPRASRAQVRSYGRACTAAHSMRQRPAIACRCPSSFGRTPAAPAAPHRRFNRHPGSTQRTTASHSIRTRSEEWQQVRAVHLGVHEFTMSTHPRGVSPRER,0,0,0,0,0,0,0,0,0
MAKRWSVTGLLLAAGLMSGHASAVVLDLDKPFEPQAAQVRADLADGEKYSEISQDERAKVNAALDRIEAAFQTQPDIQALQPEQLAAVRNDQELVTRILTKAREDSRLICRRERATGSQMSTKQCMTAAQRRRQTTVSQDEISRRQR,0,0,0,0,0,0,0,0,0
MKQLGNYLGLQVLWLVAVSAAAHARTWPTLLALAVFALYQLWPSRRAPGDVQLMSAALSLGLLLDTTLAAANWVRYAAPWSGSLLAPPWILALWLGFALTLNHSLAAVMQRPWLAVLLGAIFGPFSYWLAQRSWHAVEFQSPYLHAVLAVGIGWGVACGVLSLYARRLARPLPEHITGELQ,0,0,0,0,0,0,0,0,0
MNRLFAIGLIAALAGLGAHANAHAAAAMQEPAADGAGRAMPPADAQMPDSSRDILLAVANPLAAPPARAGSSLIGYASSYYGAGQKAAAHMDSIKQRYKLREVSAWPITSLGLYCAVLQPPPGVSRDELVSALADDEGVELVQPVQDFSVFSTDASEKTTPLSSYNDPYVDMQRGFIDTDAASAQTVTQGRGVVIAVVDTGVDTNHPDLKARIRDVHDLVDDKPVMTSTDSHGTEVAGIIAAGSNNHQGIVGMAPKAMLSVYKACWYAPTVGATARCNTFTLAKALAAINNSSARVINLSLGGPADPLLSKMLEQLVQQGRIVVAAMPPNERLDGFPNDVPGVLVVRSSSATPAMPGVLSAPGKDILTTQPNGRYDFTSGSSMATAHVSGMAALLLSLQPSMDAKALRELMQRTSKVSNGQLQVNAGAAVQALAPHARHSN,0,0,0,0,0,0,0,0,0
MNRLLPLLGFLLLAALFGFGILWTMQHNPRDVPSPLIGKPAPAFSLPRLDQHEQRVSRDQLLGKPYVLNVFGSWCAECVHEHPVLMAQASRLGVPLIGYNYKDVPADATAWLARLGNPYAVVIADEAGQTAIDFGVYGAPETFLIDAQGVIRYKHIGVLTPDAIDDELLPAIAALPKGTP,0,0,0,0,0,0,0,0,0
MLNRTPLCLAITLTLAAATWSPLAHAAEGAATGGAAGAAAIDLERLEVRPQLEAQERAVDLKRASDAIQDAVASDAMGRYPDKNVAESLQRLPGVSVTRDQGEGRFVVIRGLDSSLNSVTIDGMNMGTPEDGTRSTPLDVIPSDSTERLKVVKSPTPDMPGDSIGGAIQVESTSAFDRDGRTLRGSIEGSHQSLSGKTSPKGAFNYSDIVGGTFGVAVGVNYQDREFESDNTEVAYDIFEGGADDDLFAGKVQRRKYFIERTRMGANLNLDWRPDADNRYYLRSLYSRFDDAETRQRTIFGLSDGEVSANGDGTYDVADLPADSISKRVRYRTKQEDNMAVSVGGENRLSSATVDYKVGYTKTTERVNDEKEARFNYDGDDLSATVDQRGGIARLGFSDNGWQSNDDFVFDRFVIAPKQVDDSERSAQINVRFDGEHSSLKVGVLGRWRERDVNVDESELRRGPAIDLSDWTTAAPEHRGGTLGESIGSDGMRRYWNTSGTLYSARPQDVGGNLQTSLQDDYNASEDVFATYAMGTWDIGALRMIAGVRVENTQFNATGNQVDVAPNGRTATVTPREASSSYTNVLPGLHLRYDSGNDWVLRFAANKTLSRPSFGDVSPRVSINRGDNEVSIGNPDLNPYRSQNLDLSFEKYIGSTGLISLGVFHKSIDDYIVQTLNTNDAEFPGFQVTRAINGDTAKVRGAEFNWQQTLDFLPEGWNGVLVGASATALDSDFDPGLPNRAGDDFMLPRSSRRIYSGHLGYEKYGFSARVAAVYRSQYLDTIGQSRAYDIYVAPHTQMDFSMSYQFNSHVSLYLEAQNLLDEPLELYQGIPSRTLQNEEYGRTYALGLKVAL,0,0,0,0,0,0,0,0,0
MTYLAFRFARKFAAVASLSVLFALLVIVAFVSLQLNLKNDQIRDFLKPDNSGFRAEIYLPDPAVLGPGYKPTIAFKGSAGQVLTPHGLRDTTSEDFIANNFPQSTSRSQWV,0,0,0,0,0,0,0,0,0
MTNANVTSWKSRVAALFCGLLMAGGAMAAEGGAVQHAGNDLSDRASLQRGAQLFMNYCSGCHSLKYLRYSRMASDLGLSEEEVMTNLNFTGAKVGEHIEGTMPHDAATKWFGKAPPDLTLIARVRGTDWVYTYLKSFYLDQTRPLGWNNKLFPNASMPNPLWDLQGLQQAQFGPPDKATGDKPVEALKLGQPGRQTPVEFDQTVRDIANFLEYAGEPAALKRQGMGVWVVLFLALLTFLAYLLKKEYWKDVH,1,0,0,0,0,0,0,0,0
MTVRRLLALACSATLFTAGAAVAAPAAAPAASIPEAQWPFQATTVADFDEPWAMTFLPDRTLLVSEKRGALMRLDPKTKRKSAITGVPAVAYGGQGGFGDVLAHPRFAKNGLVYVSYAEPGEGDTRGAAVARAKLTLDATGGGTLSDLRVIWRQDPKVTGNGHFGHRLAFGPDGKLWISSSERQKFTPAQDMKANLGKLIRLNDDGSVPADNPFVAQGGVAAQVWSLGHRNILGLAFDSKGRLWEHEMGPLGGDELNLIQRGANYGYPIVSNGDNYDGTPIPDHNTRPEFAAPKISWTPVISPAGFVIYSGKQFPAWRGNGFIGGLSSMALVQVSLGDQPRELARYDMGARIREVEQGPDGALWLLEDEASGSTGRLLKLTPKSKAAVENDA,0,0,0,0,0,0,0,0,0
