sequence,cnn_lstm,cnn_gru,gru_emb,lstm_emb,ensemble_weighted,ensemble_voting,true_label,effectR
MRFALITPMVLAFSSILMYVTHSNVVVATFQAQLRSSTGDLNGISPARLLGSYASVEEEERMPFALSAITEKIKSFVAKFVGFYRAKKWAMNAKSRDEVLDRFHPSIADIDSPYQLAQNFWDQLSRWNLEALMRYFKTMNQKDPEKSVVLVEALSTKYGVVPMAEVLLKARVSGNKFRAAVATEMLEHQLQSWYDSGKNVDEVFRLLDLQSDKDLASLRLQMLQDYINYFNKKKTTEHTLLGTLIKGFGSEAKLSPILAMAKAYPPRPGDLATRLQDEMVSGWVARGSSVEAVISSLQLSSEHFFRYEYRDALTTFIEKLSPARRKSADLNNVLRRSYNDDGRFANAIMRAKQDKDTEMIARRIEEWLFQRWWKEFGKDEEDVIDNIMAGGDVSLERASFIAKKFDTWHPPSSSS,1,0,0,0,0,0,1,0
MRVCSVLLVAAAALIATSNAVEPSATSTVEVAEVQARGADKRFLRSLQTEEEQGDSDVNEAEDGSEERGLFAWIKNAVTGDVLLAKANKGDFEMQTKLFKKWIEEKPKVRQNAIAKIMRDGGRKKYDTVLTAWKYHDKRTANGIGIRGATDDVDELLPGTLIYRAAAGNQGAQSALFSMWIGAEKKTLDTARILLSKSELPAKEYKRLNKAWVQYRRKHK,1,1,0,1,1,1,1,1
MRLQFFLVMAVATLATISATRVPDDANLQSVNAPVQTVTRSRRFLRTADTDIVYEPKVHNPGKKQVFIEDKLQKALTDPKKNKKLYARWYNSGFTVKQVEGGLDQNENRELELTYKNLALGYAKYYQARRSQEAK,1,1,0,1,1,1,1,0
MRLCANLLLMAVPLHLCFGEVVPIPPTMENPSLRSAPSAGAGAREDARSLRELNSAAGRGNLPESLSGFAGRVMPGQASEGNLGSATLAQLKTVALEADKSGEQVSKDAEKAAARGKRLDGKPLSEEDVELISIIASLNWEHKHGQKPSY,1,1,0,1,1,1,1,0
MTKCSLLLVPFLVAIAVSDALPARAAGTLPQSATSVQDKATESTVSGKRALQSKEDTKGAADEERALNRLQSVPEWLSTMTKSITNWTARTWSKAASKVALIKKNFFMMLKRREERKLDKRRFEAYLAINQRNSN,0,0,0,1,0,0,1,0
MRFIALTLVASTALLPRTESATEAAGASTTDQRDAAVVVHVTSDYYGSLSSRLLRSQVGPSEVPESAISAVASRIKPAKSLSGTVISDNLDILRSVHAPVSAGRYIMWPEGSIAAEIKKPVIKAEELILYLDQMTRTKLNKKRSRGVLAAMTADKESLVVQGKVANSVSSAILETPSDHPVEKLQASYDKEIVQVPATEEKMVLANRYMDGLRSHYEDGKDLFHFLKSEQFLVLAKEARRNSDFFLRLLRLNGDRHLAFSLTLLRMLGNHDQQVFATECFDLLQASITRVAENSPVSHS,1,1,0,1,1,1,1,0
VESTATSTDLIRSLGTAPSADQLNVQSLRSKTATTRAAGHRLLRAVETKASDSKSIDAKVLEDILHNRDYAEATFSSWLRNGQSRQDIEVRLTEQGLLSKYSSVIDQYDSYCLKHVDA,1,1,1,1,1,1,1,0
RTLNDDETDVSVRRFLRSNTAEAGRVDGQSTSSVARFIDRVFGKSASAPKATTVTTEAQVTAGEAAQKARENAEKSLKDRLRPLLSEKGGALVNSKGSSVFAEMVKAVDHVNKKLPHDHAISLDKFLIGTVEHKRLVELATTGAESTKKEVSNKASKLLEKVAAENGIHLVP,1,1,1,1,1,1,1,0
RSLRAQKLEEDGNAIVTSGDFCVNGGGENVWYLKRVFKCKGTDQEDWDRYQLSSIGKG,1,1,1,1,1,1,1,0
RYLRTEAPDAADANNDENQEGVASGMVEERGPEWLQKLTAGLEYALGKMLGNKSLINKAAAKRLTIVQRQADTEANKEIQALYAAYKIQMDPVNKGEFPEFLSAVEEMYMTNVINVMRRRIMKTKGLVAFNPDERINGMTAKFVRESARNSRLDLNRLLEADVSVGSLGNALEIDLSALMKETLYRKKNTVKDDRMDPLTRTFLEYEWMKAEKDLIDAKMKKALVPTTKVHPLST,1,1,1,1,1,1,1,0
TLPSPAAGKTSEMNMPDEDPATQTDISSNRMLRVTNVPTIFGRADKLNSRVKWFVDDTVSSVKHVFSPKSPKNKLGPPLDEEQMAIRTALRCIYYLKVRSRRFHALSALYVDSEYYGKALKLVEPPINELTVEKEVKRYTEYLKEVAMIRTLNPPKNNPWLRPITPPGSIRSPTKPQKSYVPKSVRH,1,0,1,1,1,1,1,0
MNFRALFAATVAALVGSTSATTCTTSQQTVAYVALVSILSDTSFNQCSTDSGYSMLTATSLPTTEQYKLMCASTACKTMINKIVSLNAPDCELTVPTSGLVLNVYSYANGFSSTCASL,1,0,0,0,0,0,1,0
MRVCYFVLLPSVALAVIATESSETSRTIVHVFPLRDVADHRNDALINRALRAQAALDDDEERWPFGPSAVKALIRTIDSHRAGLNDEAKMKEVVQTWNKLIERDNLIDEIGKHYSKAPGPVYDSYDEALATMLVTTYSYRGVARAILHPRPSDPISNKAGRAHRLEEAVASLWKERGYTSHNVVSNIATDDDVDFFASTAFTFLVKCVESEDDANNAIFEYFGSNPSRYFSAVLHAMEKPGADIRKLENSKKWMFRLYAQAPEPFSPPDFEWALARFQDEDHAFVGAQNDYKKLSPSQIEKLVEEYSGIYSVTSRNFVGRASE,1,1,0,1,1,1,1,1
MRLAIMLSATAVAINFATSSAIDQTKVLVYGTPAHYIHDSAGRRLLRKNEENEETSEERAPNFNLANLNEEMFNVAALTERADAKKLAKQLMGNDKLADAAYMWWQHNRVTLDQIDTFLKLASRKTQGAKYNQIYNSYMMHLGLTGY,1,1,0,1,1,1,1,1
MVKLVCAIVGVAGSAFPVDTDASQLVGDLKKAIKAENAMTFTGDAKDLQLFLAKQPVDDESGKEVVPVYRPSAEEMKEESFKWLPDEHRAALKLVEGESDDYIHALTAGEPILGSKTLTTWFYTKNNMELPSSEQIHVLVVVPDGAGGSASDTSRMDRLFDKVDKVYEHTVLSKRTRYVHSEMNSAKGNILLNDLKIRISPVDTVKFAGGVPTPAKEFKWKSDRTEEQQKEPYREYVVANIGDVLTNNKLCVVGVEKGVNILTVEVPGRDIVLAGRTDMIVLSDIAQKFPHYLPHLPGVRMLIEVKKVVTTASEFQALSELIALDIIATESVMALLTNLTNHWQFFWVSRKSDDRVIIETTTLIAPGEAFAVIRTLLDQSPSAGAEVSLPCFEKPVKRQKLSQLLPSISEASGSSGIRESIERYYDIASMLGPDLEMARAVASQVARSIPTLSYFS,0,0,0,1,0,0,1,1
MNFKTCPAVALVAVVATVATAEDPLYCQAIGCPTLYSEANLAVSKECRDQGKLGDDFHRCCEEQCGSTTPASA,1,1,0,0,1,0,1,0
MVRFVSALLLAAAGVLASTNAAVINHDAVPVWPQPEPADATQALAVRFKPQLDVVNGCQPYPAVDPQGNTSGGLKPSGSQAAACRDMSKAQVYSRSGTYNGYYAIMYSWYMPKDSPSTGIGHRHDWENVVVWLDNAASANIVALSASAHSGYKKSFPADKSYLDGITAKISYKSTWPLDHELGFTTSAGKQQPLIQWEQMTQAARDALESTDFGNANVPFKSNFQDKLVKAFFQ,0,0,0,0,0,0,1,0
MRLHYVAHVIAAALAASAYGLQAVPDAANLSPLQTSTKAQHQTSVAEKTERFLASDDKDLPLMVTSTEPLLSAQQEGGAGRQLRADYEKGNKANNDWQKMSKYNAGRGNLPDKKMLKQIKEPNQKIWPDENNFGEIKRSDRGHGEKI,1,1,0,1,1,1,0,0
MSWCGAASSNRSCAICLPCSSYLLILLSVAELALGVVILTQGSTIDRFLRQHQQELKMTDEQLHRLEENKFVPAYGMLALFGMEVMRFCCSSELYRARRYRKYHYRQLKTLRDLDDELLAAKNEEDIASKYASLKDTYKKKYVADEDEPVTKDNAAVSV,0,0,0,0,0,0,0,0
MERRQQWRSRRRACPSGLVVAVAVVVAVVCRTTATQLGDYRHLQESTWEIDNIEGVHTDPMVGVGSGWTGAGSVADISANKPIDALQVSASGSGDGTDLQWTNAPLDVPNTPDASSNSGNDVEWTNAPADGLQSSASDSDDGTDPQWTNAPLDVPNTPGVSSNSGNGLEWTNAPTDGVQTSASGSGDGIGLQWTNAPLDVPNTPDASSNSGNGLEWTNAPTDGVQTSASGSGDGIGLQWTNAPLDVPNTPDASSNSGNGLEWTNAPTDGVQTSASGSGDGIGLQWTNAPLDVPNTPDASSNSGNDVEWTNAPADGLQSSASGSGDGIGLQWTNAPLDVPNTPDASSNSGNGLEWTNAPTDGVQTSASGSGDGIGLQWTNAPLDVPNTPDASSNSGNGLEWTNAPTDVDECAARRSQYAGCVLEQWK,0,1,0,0,0,0,0,0
MRTGPFLFTVLLAVLIHALIPHACGADQIPHNEVKGFAELVPITPSEKADVRLNPNIIITYGSQAYPAVNEFGQTSGGLKPSGSHMAIAKALGTGLKYTRVHHGLGINGPLCSHITSQNPCRVKVCAIFTRGNLLSSGSTDLKSQRRFWRWWSTVTASGADLNSELTEGGGKNPTPDQVGAVARYGSHCA,0,0,0,1,1,0,0,0
MPKCFTLLVLSLFASSEAGALLFKAEKQLTEVSRPIEEQPAQVVVNDKQTSFRMNDVTTKGANPEERAFGNIGAEVTGGSFGWMSKLPLKVLKGFYKTYKDAMKKLSNSWKEKKAQQLSDRHNRRVIRSSQRDPNKNVKNSFL,0,0,0,0,0,0,0,0
MRRLCLALTAVGSFRSFHAELLYDPDQANGVPDPTARRLKEAEFDQRSFALRRMSAEDVASSVTRRLVEPNNLAPNNDDVALDTYEERYPIVSLSETAANSLRSPMMCLTLRKTSKHLVYTRDPWT,0,0,0,1,1,0,0,0
MVLSSLFKTAALVSSTLLASSFPASLGATYAAPQIVHVTHMSGSSAEISTLGVQVISFYTSHNPDVNVLFMNNDQSAFDGKNPIQGGATAVFPNYGPPKGHSAPTNGFARTMVWNFASMVPAPDATKPTYAVFDLTSSDATMQLWPFAFRLMYEVHLWPSSLEITFTVINTHTTAISFDLLLQNYFAVRTIRDNNVMISGLKGYEFLDRITNKVQIDERDSFGIPIQVDIIHKNVNTDVVAHVKGEQGNRNFIVQAAATTGDGAHTPAVPSTDRTVWNRWNTSTANLADFGDDKYLRTIAIGSGRVSEMEVLYPSLRYALNQVITVETV,0,0,0,0,0,0,0,0
MVLWLCSSLWIGAAAIAVVDANSSDSSSGSRGSSTVTDRSLVKLETRSGIRPWVDPDTPEDVRTYVTSRGDTWELIMSDEFGDVNRNFTAGADHLWTSLEMPDGTNDALQLYSHDMTSVVCDDDEEGLCYLRIKSIDEVNNITVWNNYLRPPGFQNSTFYYRSGMLQTWNKFCFQGGMLEVRANLPAVLSADSNNTDIGKGHNARAELTKYYPTWPGIWLMGNLGRALFSSSTARMWPFSYSECNETVFNSSNQRISACDSDPGHGLNLNQGRGAVEIDLLEGGGVAISSSIQIAPGMPADYRRAAINESVGDWSYCVYSQGCATIGANLPGVPTENYKDRGHQSWYQGLRYGSNNYCAVDGNDTQLYAIVAAGVENITENTCSLLYCPASNDVQGDMGYIDDDKSLGHWNINSNGTCFPEMNGYQGVFLCDPDNQDSRCSAPRNDSTPKTNTMKPYSYQMDALSANWGIHMGAYYDYVAYQLEWVTGDSGYLRWMLGGHPIFEIPAREPENAILRLIHRFQKHYHLGPGWRHSLP,0,0,0,0,0,0,0,0
MARGTMCLLALLATLLVVASWSTVDVEAKKSRKEKDSPLKGSEKLAQLQGRVRDGVIPFTSELFGRYAVRPDRPYHLVLLFTATAAKYKCETCAQVSPEFEILGESYEAAKQVKVDTRDGHEVFFGIVDFETNQDAFGMYEFTSAPHVVYVAPDRSIDAGDRMPKKSKVEPHNLYNVYSQGKEAESMATFVKQRTGFEFAIQRSKTFLYVLLVVALASTAFTAKLVLSHLDYVMAKLRRKQLWMTVSLLFYGLSVSGMVYCIIRNPPPYTADRKGNIQYFHPQGRQQFVYEGLIVGGYDVAAAVFMILLSQWALYVRNPAVRYLSIVGCAVGFVFMYRQMTNAYKFKNRWYTGWMGF,0,0,0,0,0,0,0,0
MKTFPYAAAAAVACLATQSSAYDETTVCPISETAKLLALASNQYLNSCQTASSYSFVPPSAYPTETQVLLMCLTPDCHSLIGDLLDLKPADCVINFGTVSINVLQLAESFQPNCTALGL,0,0,0,0,0,0,0,0
MRLSYVIAVIAASFLVTTEALSTNTGVQAANLVGPAQRLLRKHYTAAENDDDSEARALNTEKMKTMLKAGMTVDDYAAKLKLTDKIAAAANSARAMEKLGETLKMKKLLRYLNYVAEHTAV,1,1,0,1,1,1,0,0
MISSSKIAALWLTVVALSSSTCAKEQAAQTFGFLHGGAGAGLYGGGRAGAVAGLYGRGAGIGNGYAGVGAGLEGAADLGGAAGLGGAAGLGGGAGLYGRGVGVGNGYGGAGLGAGVGGTGGVSGAANGGASGNAGAGAGGNVGAGVGGGVAGAANGGTTGTGAANTGVATQKGYRKLRSE,1,0,0,0,0,0,0,0
MNLRRLVVAAVAFLTASHASVIDHDQVVPFAQPTPTSTSQTAAVKFKPQLHITNGCHPYPAVDADGNTSGGLNPTGSSSAGCKGSGYGSQIYGRSTWYNGVWAIMYSWYFPKDSPASGFGHRHDWEHIVVWLNNPAVTSPELLAVSTSAHSGYTTYYPPSSSYLDGNSAKIDYYNVLLINHAFRMTSDSGETQDLIMWDQLTDAARTALENTDFGDANVPFKDANFETKLANAWYK,0,1,0,1,1,0,0,0
MAEQQAIPWALVVAATTAAVAVAALNASLRGVCRSPLEAVSLTARIAAAVAWTFVRYVARGFRPEFPKWTLRFELLRAAIRTVNELYGDRMVQDAQHARVIRAQSEAVGSILGWFYCRWYCKGMEPVNFNGLEHLWLRPKDPKKTEAKRLVVMYEHGGAFSLLSPRFYSFFCASLAASIERELGRRGSSAQVEIFLANYHKTPEFCFPTQPKEIIAAYKHLLDHEGLSPNQIILAGDSAGGGLVMSTLLRLRDDKPNRLPLAAIVCSPFVDMSESIDPASARSCILTRSIAKAARLVYHPTCSDRSTWAGASAVHCNLSGLPPVFIQAATLDYLYQDSVRLAEKAKADGVEDWELDVNEGVSHVFSLFPSWVLPYGQVGVEKMAAFAAKQFIKS,0,0,0,0,0,0,0,0
MLARITIALASLAAVAADDCATASYGSCGSDAAGVSCCPTGQYCQPWDSAYYQCIDVPAKCTEQYPDVDFNGDDLETVYGIQPGECCTRCTETSGCVAYTFANSNPGQPACYLKSGTGTRTTSVGAVSGILTTNTNSTTPTPTPTPTAASTSSPTSAPTPTATSTPTPTPTSSCATAAYGSCGSSTGTTCCPSSYYCQPWSDSYYQCVPPPSQCSSQLTDTDYPGNDLETVYVSLPSLCCDACASKAGCKAYTYINNNPGQPVCYLKSAVGTASNNVGVVSGILN,0,0,0,1,1,0,0,0
MSLAALLPLLPAATCVRLPLALCSTIASYYKQRATPGGLIIAEATNITPTGRGSWGSPDIFAPQQIEAWRHVTKAVHGKMFLQLSDYRTAAENALKAGFDGVELHAANGYLLEQFLHDGINDRADQYGGSVENRARFLFEALEAILESLDSSKVGIRLSPFGGSFGDKDSDPVATYTYVLNRLNNYDLAYAHLIEPRGYHFRETYKGVLLAASGFDRQSAVQIVEEGAADAVAIGRHFISNPDLVRRFQLNKPVNDYDTDTFYLGDARGYTDYNTRSCRTSR,0,0,0,0,0,0,0,0
MTLLLPLLLLLLRLLANAACGVRTPPQLPRQFQAEVQVLSHLTDPRQDYPPSMGRMKVQYDFDQQLARAEMLEGYNAGKTFVRRYDQKQEFMVKGGEFRKCERAYLGDAMPAPEIPFTQEFVAMESVRGKVCEHWVHAHEDARVHVYSDVATNVPIRLTEENVIDGQPTMLLTFDLFDVHVGPQNVSSFTIPDGYERSDCVRNVGGFPYIHAFHYYLRF,0,0,0,1,0,0,0,0
