sequence,cnn_lstm,cnn_gru,gru_emb,lstm_emb,ensemble_weighted,ensemble_voting,effectorp_1,true_label,effectorp_2
MFFPSLILAAGSLSTLIQAIPHGAKHHHSLHRRAAATYAVMGGDGEASDGWPTISQWSEYETLWGLNQILIAASCDNSDDETSDINTSIKSIASETGVDARFILAIIMQESKGCVRVQSTNNGVENTGLMQSHDGEGSCNKDGSKTTPCPSSMITQMIQDGTAGTTQGDGLKQCYEAQTGGTAAKYYKAARTYNSGSIASSGNLGQGGATHCYASDIANRVRGWAGDVSECVEATIGTITSGVESALGGDDGSSSTSTSTTAAQSTETAEPVQTSSSAAEQPVTTEPIQTSSAPAQAAETSSAASSATSTETTSVAPAPTWTPSSNVQVAAQTTTPTPSWTTKSAPAATTAPAASSSASGTAPLYPYASSSCQKYYTVKAGDFCDKVTEAVGISFLDLRSLNPGLDEKCSDLWLGYQYCIKA,1,1,0,0,1,0,0,1,0
MDKMLFSFLRLCFVLLTVWTTWVAADFALYENYDEDALIAGLALSSTCLAALNTTVTCNETAVGLLGHGADIHFWTTTDVNNLCTTDCVSSLSSWKDNVATVCAEETTIQGNVVVKARALPLTFTYNSDLVCMQDSSSNWCFLDSQTWQGSDYIRWDPTMCFTNGDDNSTVALQCADPDFDIGDISDDMAALTNLYDKELFCNECFLNLYRQRLLDPWLPVTNFTDYLIDQFDLVQANCSTTLPYSTSASTLYVGTATATTTTSATTTTDSTTTATCLGQMVQPLQNWLTCNDLCDTYNISTGDARVITGDYACYFNQATCFPLPCEIDTVWDTPSCDELATRYSNSTYSVTTAQFLSWNTNVQGSCSGIAAGQRARREKSAPGGTFPKPNATITAPGATGEPTYYTAATAAYPTQTGTISECGDYYLVVAGDDCATVDLRFGLNYTQLQEYNTYLDATCSNLWLNYDICVAPVTAQTVSTDVVILIMAARLQMESVARILPETRPALVLSLELVVPYLVIVEAPVTTVLGQTAIAVLPYQS,1,1,1,1,1,1,0,1,0
MKFIYSTALISVLAVAIPTGRGLTSGLMRRESGEVSTNYIFTDDPAEGGKTTQKKKRESGEVSTNYIFTDDPAEGGKATQ,1,1,0,0,1,0,1,1,1
MRFLLAALLLILLSATCQAEFLREHGTHITFGHSPLQKRIVSEAAKTLLDTETPERLKRWAIFQDGNRFREAIRSGYIKLLRRVDKIREPYAFSKGVKKQWIYEPDLRKHYFVPRVLRVPAILQDSPIQHDEAFAAFIKGTNQDFGLQDVVVTHVPELSKFKEAETGKESSLSATKSESQEPLTEQNPPGESMRRRRRTRGYHRRQSFNQFRSATNDAASTEKSPAAEIESEGSLAHQQAGPTQNPEQPAAERVSNAERLSNTLVEMEERFNAMKKFKETQMHKSAMRYVGHPQYRAPVEQESDPAVTAGAPPGLKSIRIRPAVDSQDVTPETTPRQPVDLAGTDADASNPITPHNNWDGTFLYTRFKTPFSDTPRAPSPLPDPSPLVSTGGGMTPRTGDNTGATSPNPFRLPVDYDELLHSARLQRGQNSLHTSHSKPSLPLSSDADSKSDSGTTFGSSDGTASRESAHKLQETSRLNRVDYTVYDHASLDGRRQFASTLFDRLHPYSDEEPVSDALSPSVKRKVVAKEAASFVRSARRPFRSPTNRQFARQTPAKEATHSYSSQPQPVDVEMQDASMSVIQTKASQPDETLLTGATGSKRFKRPPALDKAFVRSQSFLFPTDTRVDPASPFLEGFKPSVKADADSSAELSPMLPQLSPNQLQRLHERLKDMPSTGSSDAVIQAFRSHRIPKSLHSDRFDVRSTFSTS,1,1,0,1,1,1,0,1,0
MDDPVAEIRDVVRSLVEPYEASVLASNVEKYFTEDAFILHPLLNQTPSKGSREHLRGIYKILRVFTINNKIEFHAVMFNEDKTQGSIELTEHLYPRLFPCESLKMSLPLWIRIDLIKDTDGKYRICRQHDMIPADPGIVALPFLSIFTHGFNIIKAFNGLAMGTIGKFLLDRKYFGA,1,1,1,1,1,1,1,1,0
MIFNYRSIALLLLAAASEVASLKAGECGRPGDKAVCFSEAQYKGKDDLINAKYQEDGKICLNFDTPDFARTRCCKKAVLDKLKPDGNKVIKIPRASLVHGDINAPDQGDGNDCI,1,1,1,1,1,1,1,1,1
MLFYSLLFFFHTVAISAFTNIGTFSHPVYDYNPIPNHIHGDLKRRAYIERYSQCSDSQASEIRAALKSCAELASWGYHAVKSDNRLFKLIFKTDSTDIQNWVQNNFNEIYKECNRDADEISLTCHDKNVYTCVREEVHNLAYALINEKEIVICPPFFNNPVNSREITAGNQDTIILHEMVHIILKEWKDYGYEWDGIHKLDSTESIKNPDSYAIFAQCARYKYC,1,1,1,1,1,1,1,1,1
MQFSTIITVCLFTGLASASFVQCNHHLLYNGRHWGTIRKKAGWAVRFYEEKPGQPKRLVAICKNASPVHCNYLKCTNLAAGFSAGTSTDVLSSGTVGSIGNDPQAQRQ,1,1,1,1,1,1,1,1,1
MRFLLLIAMSMTWVCSIAGLPVEDADSSVGQLQGRGNPYCVFPGRPTSSTSFTTSFSTEPLGYARMLHRDPPYERAGNSGLNHRIYERSRVGGLRTVIDVAPPDGHQAIANYEIEVRRIPVATPNAAGDCFHTARLSTGSRGPATISWDADASYTYYLTISED,1,1,0,0,1,0,1,1,1
MYGLFHLAVLSATALSASALPQQQEKPGVNKDFICPPEDMKRTHCMGPFDCLYALPGDCLGYIQCQPKDTTYETGIAYERPCRAGQWWNDEKKYCDTVEPPTCKAPVVPASAPAPAPAPAPAPAAPAAPASTSPC,1,1,0,0,1,0,1,1,1
MLAAVCAFPGVVLLPGVCREVSEEALLDERAIAIVGALAPMLGLADRPLDKVAADFKSGSLPLLSIRWALIPESLGRFASSASASCRASLSSASTSSCASPPSAAY,0,0,0,1,0,0,0,1,0
SCVGIVLAAPRQEGPPSHRPQRGPISQVLDAARAAQLERLREIQRAQLLRTTLTNIEQLYHLPSGTFDPTHLYHPSQRGAVTAHLQHSTTRMLPVSTSRVDGSILFVSPAWTRSDESDPGYISLLLFRLHQNENR,1,0,1,1,1,1,1,1,1
MKFTLALLTTLCASLASAGVVITPVRPNQVIPANSGDCFFGVVTPQGCAPLRKS,1,0,0,0,0,0,1,1,0
MKLSTLGALISLTSLVTADLGTASYYNPPYLPTACGGSNPSQFPSGNLFVAVSDGLWDNGAACGRRYRIKCLSGARGSCKDGMIDVRVVDRAKTTVTKAAHKATMILSQDSYDAIVNQWKGTRHKAVNIEFRQI,1,0,0,0,0,0,1,1,1
MLPKTLIICLLATTAQAACGDVYTIKGNCTIRDYKCKYPRVPSCNSKGACPYLHLFDVPIFCDQDKDCVTSYKCNKNYKRSPLNLGPFYEDGDLVAKEEGEGGEGDSELVEEDDE,1,1,1,1,1,1,1,1,1
MRPFQLLPAITIFISLEILGVAGYWDCDDYRVPDKNVRDAAVFAFSKEKGSFHGYPITVHGASALSRLGSIRKFPVDCSEENWQGEHVNFYVLTNRDRKFIQVVYTFGDGGNCAHVQD,1,1,1,1,1,1,1,1,1
MIGSVEIIEKISQLPSVPHRIGELSKSPPTASKRSENAAPISAPKLMSQLKAATKAECPPELRPIVEAIQQRAAKTAANLALCSAAISGVEATLLPLTNGSNRPFVDSMRVYLRAAIAQYIATVPASTPPVLPPRLANPLPRAPDARSIQIPAVPALPLKSTRATVVKMDCHKKQFL,1,1,1,1,1,1,1,1,0
MAPYSMVLLGALSILGFGAYAQEAAVREPQIFFNLTYTEYLDKVAASHGSPPDKSDLPWNDTMGSFPGNETDDGVQTETGSSLSRRGHIVNLRKREPFGEESRNDRVTQDMLQALHDLCVERFGTGYRAVSGLCYTDRRATRKIECNKPSVRERDRSVTRACPKGQECTTFNAYNFRNRHHQVTFPVCGPRIEVKDRHDIGIHTEWQGTWYPESPKSPGTYDYFAQMAGTLNGYFGYDGVYSDGYKTSSHGYGHSWSCINCPRGKVTITNTYRATWAFGYTSPH,1,1,0,0,1,0,1,1,1
MAPYSMVLLGALSILGFGAYAQEAAVREPQIFFNLTYTEYLDKVAASHGSPPDKSDLPWNDTMGSFPGNETDDGVQTETGSSLSRRGHIVNLRKREPFGEESRNDRVTQDMLQALHDLCVERFGTGYRAVSGLCYTDRRATRKIECNKPSVRERDRSVTRACPEGQECTTFNAYNFRNRHHQVTFPVCGPRIEVKDRHDIGIHTEWQGTWYPESPKSPGTYDYFAQMAGTLNGYFGYDGVYSDGYKTSSHGYGHSWSCINCPRGKVTITNTYRATWAFGYTSPH,1,1,0,0,1,0,1,1,1
MLSTSFSYLLLASSAFTSSVSAGRFDIRKRNLYSVQKNVIVTEQVDVIKFPDGSISTGRAVPVETVSYLDKPTFASIAPQATSTSLSTQSQATTPPAPFKAKDTEPEAPTQPVNPPSSPTEDSPNGDNPSDTNDEPAAPVAPTPEVPTTPPTPPTTEPEVEPTTPEIQPAPPVANPSPNVDPQPAPPAANPSPNVDPQPAPQNPSTPPAHDASKKSGKRGLAFNDVSKLAAFSSSSKVSWAYNWGSSTPNLPNNYEYVPMLWGLGEHSAGWNHAADKAIASGSTHLLAFNEPDLAAQSSLSIPLAVDGYRSLMQPYAGKAKLGSPAVTNGGAPMGLTYLQNFISSCSGCTIDFVNIHWYNGGNAQDFKNYVTKAHAAGGGRPVWITEFEASGDTAQQQAFLNDVLPWLDSQDYVERYAYFMAADGILISSGTTLSPVGQAFAS,0,0,0,0,0,0,0,0,0
MRSYINIICLAIVAAIIFAAPNNTLSLHRPAFSAMDKRNIGKDHTGYQCGSTKHKLNKILDAIQMACPDPAQSDSFWFSYNDSGFPKTFSEAQRLGLPTDTMITPVRGGFFGEIYFILPSTSFCVGAIIIWSF,1,1,1,1,1,1,1,0,1
MAFGLLLPLRIAQGVMALLVVSLSSYVAHWYDADTLSVSPSQVNFLVFVPIFSFISIAYLELAPRFAPKASHPFGHLAFEALNVLFYFAGFIALSVFISKLLFCRGSVCSAARADAVFASFSWLLWTGSTTLLALEVFKGGASGERNGSKSMKETPAGLGA,0,0,0,0,0,0,0,0,0
MKLIHIVSSVVIFSLSVLATNDWDCRGNTVYAYIIDRETADTFTNHCTGLDTNYCEINAGDIFEAKFQIAGSNPPGARVEVNFNKDFIISSVVYRFDNQAYYCTQLSTSTAAPY,1,1,0,0,1,0,1,0,1
MPSTLVLGASALLLLAYVIRAILFRPKNLDFPIVGNPSDVDFRAALLEGTAKYPTTPYVLPSDPPTVVLPLTMHDELRNLPENKASFQKELSRMFYGEHTGIGIDTPPIIKVVKTDLNRHVASTIEPLQDESRFALDKELGTYDNWTQVIVYEKILKMIALLSGRVFVGRPLSRTEEWIDISTHFTEDVVLARESVAKYPAWLRSFAIPFLPEIRKLRQHKAVGAELLRPIIEGCIQRFREGKEDYEGDEFDDNQGTFVSWVMKWSDEKKKEDPFALAQHQLTLSFAAMHTTAMAVTHALFDLASHPQFIAPLREEIDQVLADDGWEDDGSGMKTLKKQSLPKLKKLDSLLKESQRLSPLDLVFNIRSTTSPIRLSTGETIPAGTRITFDAHTINMSGPNVSSLPHDPSNIPALDSPEIFSPFRWSTLREAPGNESKYQYVTTNKESVNFGHGNHACPGRFFAAIEIKVLLVEILKGWDFRLVGDKEGKGGEKPSNYIYNVTISPNPTAELEFKRRVI,0,0,0,0,0,0,0,0,0
MPLSVSILATTVSGTATPAAFDSGSSTISLASTEAAVDDGGSSRDSIPPHDWCWSFDETQKDCHCGLYSLIDNLCLQKISVYYGPRLDVALN,0,0,0,0,0,0,0,0,0
MVAIRSLFILSAAVGIASAGKCKPESRSSSVVSVPSSTASASDAASSTASASATLIGSTTPTTTDTTVETNLIESATETASSADATETGTTESKPTTFLTSFTTSNADTTTELAATTTSTASGPVVTCPSDVEQCLGTMEIQCNVILSGLDSPTIVADLNECAQQCNSDISCVAFTYSEGQRECFKVTASQSYGTVNLSGWVSGIKGTCSQSTEPSSTVFTSTAETTTTEAATTTTAAAPVNNCPSETGQCINGALIQCDVALGDLSIAGISNDITECSQFCAGNDDCRGFSRRQDTGACFLVFVDPDDVTQEAREGWDSGIMYSCFN,0,0,0,0,0,0,0,0,0
MRLSIFQPLILAHLFSLGIAQIPDSTDPATTAESIAIPPTASPSGSDDASSDSTAQPTAAPGGGGGSSNSSLGPPDVHLKVPELSVGRIELDVDNLHADINLNADIAKLVQINAGIQVGIDKVNITIADVEAELELVVRLGNLVEIVNRTLASLDLNPALINLLDSVGDIVEGVIGAVDGLLGSITQGDTKLNFLIDNLGNIVQEVTKTGSDVVSSIIGNYKQNMTFTGDEKTLNNGLTQRTYEYKELSALVNIVFNKAGQIVQAMVVKGGGSGSGDDDDDEPSGSATASQTATATSSPSQATTASSA,1,1,1,1,1,1,0,0,0
MAPSILTASLQLLSLGVALVAASPCVKTCPPDLKDRLVTETTNGRVIGHVASNTSCVVEYLGIPYAKPPVGQLRFAAPEKITGPPSTYEAAKYGLDCPSVPSAPPTFPDLTPQALRIVSYFAGASGTPQGEDCLTLNVWSRASAKQPAAKKPILVFFHGGRFAIGNTNSPMYTGKYLAEAEDLVVVTVTYRLSVFGFPGAPGLESQNLGIRDQRAAVEWVRDNAAAFGGDASRITISGQSSGGVAVDYWTYAYSDDPIAHAIVATSGNAFSFPVNAPGVPERNWNTVVEAVGCGADADEMACMRRANWSAINAAAGAVRPAASSSVLRSVPAFYPIPDGEIVFAPEEYVNRTAQNSFAPIPTLMGHNHNEDGYYRLPVFRNGVIPTPAQVQTFLLESFTCPVSFQSQARAARGVPAFAYRFMADWDNTRLFPTSGAYHGVDLHMVFGASQDTSGLPPSPDQKRLTRLMQRMWASFSADPAEGLTKALGWPVWDPESETLAVLGRNNSPGVSYVKPGEFDALCGTVTLGALGVPV,0,0,0,0,0,0,0,0,0
MAITNTTSTVQAIFSLHVVTASSALLLLLAAIFVLLRQLSGRPGQPRTFRKFTRSTDIKHSSLATHLFLLLGLSTLFLAYATQSSIVALQSRLSSPFTITSAYAYPQYTAPYGFNPSIHYAKILSILSFTYQCATILLNTAIVGAIWITANYLQNNGTGIKEPGKVSWMLNGGWMAAILGLGFASWGLGLVKRGSGGAAVVYGTLVQGDYMVRTLYVVYMSVVIAASTSVTIEAVLCWIGVKKNGFAGTRFKSALTRFVMLVTPLVWVRNGFSIAQLIIVYRDVNAWSRTTNQALAFLFIIFGELCDLGILALVLLGAWSFGRKEEQVPVPAKEERYSESSMGEGYRGRPSTNPLVR,0,0,1,0,0,0,0,0,0
MRASTFLIAIASLGLSVIAAPVSGDSIDISTSGGFKIQVTIDVKENGDAERKDIDVKGFDDKFIQKLGDKFDEKFDHDVDDKLVDKFEDKDDHKKDDEKDRDEKDRDEKDDDKKELFDFTSKFFVNAVPGEVVNGTEPTGGIAGASGTFNFGINSHLNMICYEITLHNFQGEFSSPATTATHIHEAKRGESGPPRISFPNPQMVDHDPTVMHSAGCLKGPFVTGVMVDGKDTGEGFHVSMIEADPVAYMSDTHSSLALAGAVRGQLG,0,1,0,0,0,0,0,0,0
MLAASARSTSAKVAAGVSLAMIGATSSTLVAKPIYNDEASSSDASKLSIYPEPDAKVEVVPVQTELERQVGSARRAISHVTADTRSSVRSLIDRWISVERSIEGEVKSIIPPTEPLTPGLLYVGVATLAGSIFTRYRAFPVRLLTPPLALVVSLNYFNPNLASNLGAYYTQVEHKYAPALTEQRRTWQKHAQKYLDSTTNSMHELKDKTEQGLRSGLHSVEQQTGLKVSQVVAAKDEAKSAIKDQIKAV,0,0,0,0,0,0,1,0,0
MLSTIVFSLAVLTCLFSLISWAITADLIPFYQAYDHLAYFYYGYGSGYGKRDGRSGPLAVSAVELVIALFIFLLTPALAFFAWRERQSAGIIPRWLNLSVLGLSAVGFIVAIAQFGVFSHEGILIGEVAGQAAMFFLTTLLGISATILPYLPASLIERIKQTESQHTNATQMSEVAPKSTDVEAGTVTPNAPGAPANA,0,1,0,0,0,0,0,0,0
MALPLDGRRSYTVHLLFFLLCLVLITAANPAPPSVDLYAAMQPIFSKASPNTPAPQEHIDRSMARSDFSSDFSSDYLQHQHARVSRLAAIPRSRSAYLSSEAEMRQLFSALTSLNHDPKRQAEILERINQLRTTGYKFAPRVDPGLHLPFGTPWEFDEHGPYPASRLAGALRLNVGRVDAEAYRVELENALEALDKQTFFEADRRAGEKIRMLYTDDTILLRSAIDHYRQIWQHL,1,1,1,1,1,1,1,0,0
MTPSNICTAILLIAITCTGHVKAYLLPKEEIVWRQGMPIERAIQQLKERVSEALQQNTALQNPPVDVFPQFFRDMALIGRTTGRSAAYPLTGLEWNAWYAGEIARMRAHRQAYYRTVDEIHNEAAAMNPDRRQGRSSAISSLVAG,0,1,1,1,1,1,1,0,1
MKSIVSLTTLFTLVAALAVLLVSMPSTASTTDPTITHKVYFDISHNNKDIGRIVVGLYGKDVPRTAENFRALATGEKGFGYKGSKFHRVISSFMIQGGDFERGDGRGGYSIYGGKFDDENFKFKHTGPGIVSMANAGRNTNGAQFFICTVKTSHLDGRHVVFGRVLDGMDVVKYIEKVPTGYGDKPVHDVLVKDSGELPVDADEKVKDEL,0,0,0,0,0,0,1,0,1
MRISAQLSALAISLTSIACSTGGWAPCLIDCTTSIFTIVLQGAFPGGDELVRLNGRDVSTTPCGPQYNCPRGIQTRDYNDVLAVRADHDTSFDTFARNGTKLGRLLFTAHQMAEYGILLRNHTGHDVIATKQGSNNYTISSFSWAGSGPPDLERGIAKRDHYFSGSYNLQFGDSFNQSIVRRSSSSAGWDLANQFTYDIFQYSPGPSYSAQIYTNDSKLITQGQLAFQF,0,0,0,0,0,0,0,0,1
MHAPTFSHVLVAAVLAATGVQSFSTAPVVALAMPAFAMTTAVEEREAEEPVALEARHHRGKGTNNAGANAGANAGTNAATGGGKRKKNKNGAGIAGLFGKKNNKREEVEVVDYAALEARHHRGKGTNNAGANAGANAGANAGANAGANAGTNAATGGGKRKKNKNGAGIAGLFGKKNNKREEVEAVDYAALEARHHRGKGTNNAGANAGANAGANAGANAGANAGTNAATGGGKRKKNKNGAGIAGLFGKKNNKRAIAFTA,1,0,0,0,0,0,1,0,0
MRTLSGGLALALTTLCISHTHAVSPSEYRDACPDYLHYSRVKHGPLSNGPMRLPYQRPAKPCRTFTSSLVEKIINDMNTSLVDRDLARLFENAFPNTLDTTVRWHVDSTQKGHPENAFQQMLDFGDPDAWEGPQSFIVTGDINAEWLRDSTNQLAQYQRLAKSDKDIEMLILGAINTQAEYVIASPYCNAFQPPPPSGLQPSNNGQNDNVHPVYEPSQVFECKYELDSLAHFLSLSNQFYASTGSTAFLTPRWYTALSSLLKVLDQQSRPTFTESTGSFEPQTYRFQRWTDAGTETLPLSGNGNPLNWSTGLIRSAFRPSDDATIFGFFIPANAMMSVELKRAAAMLTAAGKPHIGQTLKNRGEIIEKGVWEHGVVHHKTHGPVFAFEVDGYGSALLMDDANLPSLLALPLLGFLKREERTYQNTRKMILSKAGNPYYLTGSVFSGIGGPHVGLRNAWPMSLLVQAMTSDDDEEIRGCLEAVKKVSPLGLVHESVNVEVKKDFTRSWFAWANSVFAQTILDLAERKPHLLFKEGRGKYVVGEEGGKEA,0,0,0,1,0,0,0,0,0
