,sequence,cnn_lstm,cnn_gru,gru_emb,lstm_emb,ensemble_weighted,ensemble_voting
0,MPINRPAFNLKLNTAIAQPTLKKDAGAELRRLNQSEVRANTQTRFAVNHRAPTYDVAQSALGENHGGWTAANHFKMTGSEVFIHMDRLEPNCKGEFAGDKIHLSVAPEDVPDAFNAIGKILQASDSPVDSWKVTDMKCLQAEMPAAKQRVALGAQFTIYAKPDREDNTYSPEYMGKMRGMISSIEQELSAAGVRQSSHRPDSDVSPGHWSYASYRNEHKSNRSGTSNQHRNLEAEPFFQLVSFSDGASGSSRSSADHQALLPPPWAR,1,1,1,1,1,1
1,MNNWLALFDGQSRYVLEIHDSPVHPDVLRFYGREALSEPFTWDIEFTTEQANIAPGQVLMKYASLRMRSGKNVHGIITRLEWRSTTADQSHYTIRLSSRLALLSHSRKCAVYQNQSVPEVVAQVLRQHGLAGADFAFRLVRTYPPRELITRWRETDLQFIRRLLSEVGIYWRTEMDSTRELDVYIFADSQLNYQFDVRLPYSEPSGLFDGAEESVWDVRSWHNVVTGSVVTRDHNYRTAATPLNATVSVRNDAVTSGEHYRYAAPYQEAGDDSDPEPETESGAFYARMHHERELNQSARIHLFSNAPHLTPGQVLEPQGDVINALKEGVIITLATYRASRDTRLHVSVWGMPYSERYSFRPVEIPRPAIHGTLPARIESGEKNDIYAHPDEQGRYRVRLDFDREGTGPGYLWLRMAKPYSGETSGWHMPLVDGTGVAIAWGNGDIDLPYIAHALHDSEHPDPVNRDNPTRNILCTAANNQLRMEDKRGEEHIALATEYGKTGLNSGHLVDAQGMPRGAGTELRTDERGTIRAGKGLLLSADNQPKAQGEVPDRAAALKETGRLQQQLRQLEMAAEQAQALKADIDSQMRMLAQRLKPLHKIIHFTAPQGMALTSGEDTQLAATENLAMNAGGDISAGVTGNLAALAGERLGLYARTGPLSLKAGEGPVDMQAQNGNMRLFAEQKLTIASEEDILFAGKKRITLTGGGGSYLRLEAGKVEYGTTGTYRRRVKRTMVAGAANLPLPFRNKGLCLSCLMDAAMNGTPVVLRGN,1,1,1,1,1,1
2,MDPIRPRTPSPAHELLAGPQPDRVQPQPTADRGGAPPAGSPLDGLPARRTMSRTRLPSPPAPLPAFSAGSFSDLLRQFDPSLLDTSLFNSMSAFGAPHTEAASGEGDEVQSGLRAADDPQATVQVAVTAARPPRAKPAPRRRAAHTSDASPAGQVDLCTLGYSQQQQEKIKLKARSTVAQHHEALIGHGFTRAHIVALSQHPAALGTVAVKYQAMIAALPEATHEDIVGGGKQWSGARALEALLTVSGELRGPPLQLDTGQLLKIAKRGGVTAVEAVHAWRNALTGAPLNLTPDQVVAIASNIGGKQALETVQRLLPVLCEQHGLTLDQVVAIASNGGGKQALETVQRLLPVLCEQHGLTPDQVVAIASNIGGKQALETVQRLLPVLCEQHGLTPDQVVAIASNNGGKQALETVQRLLPVLCEQHGLTPDQVVAIASNIGGKQALETVQRLLPVLRQAHGLTPAQVVAIASHDGGKQALETVQQLLPVLCEQHGLTPAQVVAIASNSGGKQALETVQRLLPVLRQAHGLTPDQVVAIASNSGGKPALETVQRLLPVLCEQHGLTPDQVVAIASNNGGKQALETVQRLLPVLCEQHGLTRAQVVAIASNGGGKQALETVQRLLPVLCEQHGLTPDQVVAIASHDGGKQALETVQRLLPVLRQAHGLTPAQVVAIASNNGGKPALETVQRLLPVLCEQHGLTPDQVVAIASNIGGKQALETVQRLLPVLCEQHGLTPDQVVAIASNGGGKPALESTFAQLSRPDQALAALTNDHLVALACLGGRPALEAVRKGLPHAPTLIKRTNRRLPERTSHRVADHAQVARVLGFFQCHSHPAQAFDEAMTQFGMSRHGLLQLFRRAGVTELEARSGTLPPASQRWHRILQASGMKRAEPSGASAQTPDQASLHAFADALERELDAPSPIDRAGQALASSSRKRSRSESSVTGSFAQQAVEVRVPEQRDALHFLPLSWGVKRPRTRIGGGLPDPGTPMDADLAPSSTVMWEQDADPFAGAADDFPAFNEEEMAWLMELFPQ,1,1,1,1,1,1
3,MDPIRPRAPSPAREVLPGPQPDRVQPTADRGVSAPAGSPLDGLPARRTMSRTRLPSPPAPLPAFSAGSFSDLLRQFDPSLLDTSLFDSMPAVGTPHTEAAPAEGDEVQSALRAADDPPPTVRVAVTAAQVDLRTLGYSQQQEKIKPNVRSTVAQHHEALVGHGFTHAHIVALSRHPAALGTVAVKYQDMIAALPEATHEDIVGVGKQCSGARALEALLTVAGELRGPPLQLDTGQLVKIAKRGGVTAVEAVHASRNALTGAPLNLTPAQVVAIASNSGGKQALETVQRLLPVLCQAHGLTPEQVVAIASNGGGKQALETVQRLLPVLCQAHGLTPAQVVAIASNSGGKQALETVQRLLPVLCQAHGLTPDQVVAIASHDGGKQALETVQRLLPVLCQAHGLTPEQVVAIASNIGGKQALETVQRLLPVLCQAHGLTPEQVVAIASNGGGKQALETVQRLLPMLCQAHGLTPEQVVAIASNNGGKQALETVQRLLPVLCQAHGLTPEQVVAIASNGGGKQALETVQRLLPVLCQAHGLTPDQVVAIASHDGGKQALETVQRLLPVLCQAHGLTPAQVVAIASNIGGKQALETVRRLLPVLCQAHGLTPAQVVAIANNNGGKQALETVQRLLPVLCQAHGLTPEQVVAIASNGGKQALETVQRLLPVLCQAHGLTPEQVVAIASNIGGKQALETVQRLLPVLCQAHGLTPEQVVAIASNNGGKQALETVQRLLPVLCQAHGLTPDQVVAIASHDGGKQALETVQRLLPVLCQAHGLTLEQVVAIASNGGGKQALETVQRLLPVLCQAHGLTPAQVVAIACNIGGKQALETVRRLLPVLCQAHGLTPAQVVAIANNNGGKQALETVQRLLPVLCQAHGLTPAQVVAIASNGGKQALETVQRLLPVLCQAHGLTPAQVVAIASHDGGKQALETVQRLLPVLCQAHGLTPDQVVAIASNNGGKQALETVQRLLPVLCQAHGLTPEQVVAIASNGGGKQALESIVAQLSRPDPALAALTNDHLVALACLGGRPALDAVKKGLPHAPELIRRVNSRIAERTSDRVTDYAQVVRVLEFFQCHSHPAHAFDEAMTQFGMSRNGLLQLFRRVGVTELEACGGTLPPASQRWHRILQASGMKSAKPSCASAQTPDQASLHAFADSPERDLDAPSPMHEGDQTRASSRKRSRSDRAVTGPSAQQAVEVRVPEQRDALHLPLSWSVKRPRTRIGGGLPDPGTPMAADLAASSTLMWEQDVDHFAGAADDFPAFNEEELAWLRELLPQ,1,1,1,1,1,1
4,MYIQQSGAQSGVAAKTQHDKPSSLSGLAPGSSDAFARFHPEKAGAFVPLEGHEEVFFDARSSFSSVDAADLPSPEQVQPQLHSLRTLLPDLMVSIASLRDGATQYIKTRIKAMADNSIGATANIEAKRKIAQEHGCQLVHPFHQSKFLFEKTIDDRAFAADYGRAGGDGHACLGLSVNWCQSRAKGQSDEAFFHKLEDYQGDALLPRVMGFQHIEQQAYSNKLQNAAPMLLDTLPKLGMTLGKGLGRAQHAHYAVALENLDRDLKAVLQPGKDQMLLFLSDSHAMALHQDSQGCLHFFDPLFGVVQADSFSNMSHFLADVFKRDVGTHWRGTEQRLQLSEMVPRADFHLR,1,1,1,1,1,1
5,MRIGPPQPSIAHTAALAIPTHTSESSPTQVPHLQGNTPPLRERARRRAVSIPPLVSLNDSAMTGKPALVALDSEFSEQRLAEVQARQITVQALQGKLAAHLAQAGTALTPDSSAARFAAGALEPVYLDTAAFNAMSRGLPARARAAAGPVLIDAQQGRIVFNLQRAFASGDTFSDAALTALGKALDLPGHGLATPDWLQPAARTPTRRKLEHAPRYHGHEVPARDGGAAFFKANDHRLLEGKQALLRNHRKALVHDHYFEAPSTRALGKDVMVHRGLFDNHAGIPENSLSSIDNAYAKGYRNLELDVEVSADGVPVLMHDFSVGRMAGDPENRLVSQVPFAELREMPLVIRNPSDGNYVKTDQTIPGVEQMLEHVIKKPEPMSVALDCKENTGEAVAMLLMRRPDLRNAAAIKVYAKYYTGGFDQFLSNLYKHYQINPLHSQDAPRRAALDRLLAKINVVPVLSQAMLNDEHLRGFFRSNDDGAEGLADTAMQWLESWTRMRPVIVEAVATDDSDAGKAMAMARERMRQPDSAYAKAAYSVSYRFEDFSVPRANHDRDYYVYRNFGELQKLTNEEFGVKRTTAGAFRDDGESLLTDQAEAELLAILENRTLARGHTGNELDVPPETPIDVNRDAEIVKQRTREFQAGFIPADPNHIAAVREGKQRDHRADMVHDPAETRAVDKRAQASGLLTEKYRGAPVTHYLNERANQTEPE,1,1,1,1,1,1
6,MGGELKALRRHEIGAPASSSNARESCMKSASCLVGLSLLLATATATANANATATATATAHAQTSPVCPPLPPGSGLQWNELAGADYLVCKAMTADGRQVVGVMLTTRDPDMALARDRRAEKGQIRQEEFYWYKLDLGGNKVPGMESRRVTVVELGKKRYAQLWIDGASAEELASMQSMVQNMDLQPASLALQR,1,1,0,1,1,1
7,MDPIRPRRPSPAREPLPGPQPDGVQPTADRGVSAPAGGPLDGLPARRTMSRTRLPSPPAPSPAFSAGSFSDLLRPFDPSLLDTSLLDSMPAVGTPHTAAAPAEWDEAQSGLRAADDPPPTVRVAVTAARPPRAKPAPRRRAAQPSDASPAAQVDLSTLGYSQQQQEKIKPNVRSTVAQHHEALVGHGFTHAHIVALSQHPAALGTVAVTYQHIITALPEATHEDIVGVGKQWSGARALEALLADAGELRGPPLQLDTGQLLKIAKRGGVTAVEAVHASRNALTGAPLNLTPAQVVAIASNNGGKQALETVQRLLPVLCQAHGLTPDQVVAIASNNGSKQALETVQRLLPVLCQDHGLTPDQVVAIASNDGGKQALETVQRLLPVLCQDHGLSPDQVVTIASNGGKQALETLQRLLPVLCQDHGLTPDQVVAIASNSGGKQALETVQRLLPVLCQDHGLTPDQVVAIASNSGGKQALETVQRLLPVLCQAHGLTPDQVVAIASYGGGKQALETVQRVLPVLCQDHGLTPDQVVAIASNIGGKQALETLQRLLPVLCQDHGLTPDQVVAIANSNGGKQALETVQRLLPVLCQDHGLTPDQVVAIASHDGGKQALETVQRLLPVLCQDHGLTPDQVVAIASHDGSKQALETVQRLLPVLCQDHGLTPDQVVAIASNGGGKQALETVQRLLPVLCQDHGLTPDQVVAIASHDGGKQALETVQRLLPVLCQDHGLTPAQVVAIASNSGGKQALETVQRLLTVLCQDHGLTTDQVVAIANNNGGKQALETVQRLLPVLCQDHGLTTDQVVAIASHDGGKQALETVQRLLPVLCQDHGLTPAQVVAIASNGGGKQALESIVAQLSRPDPALAALTNDHLVALACLGGRPALDAVKKGLPHAPEFIRRVNRRIAERTSHRVADYAQVVRVLEFFQCHSHPAHAFDEAMTQFGMSRQGLVQLFRRVGVTELEARCGTLPPASQRWDRILQASGMKRGKPSPTSAQTPDQASLHGFADSLERDLDAPSPMHEGDQTRASSRKRSRSDHAVTGPSAQQAVEVRVPEQRDALHLPLSWSVKRPRTRIGGGLPDPGTPMAADLAASSTVMWEQDAAPFAGAADDFPAFNEEELAWLMELLPQ,1,1,1,1,1,1
8,MDPIRSRTPSPARELLPGPQPDGVQPTADRGVSPPAGGPLDGLPARRTMSRTRLPSPPAPSPAFSAGSFSDLLRQFDPSLFNTSLFDSLPPFGAHHTEAATGEWDEVQSGLRAADAPPPTMRVAVTAARPPRAKPAPRRRAAQPSDASPAAQVDLRTLGYSQQQQEKIKPKVRSTVAQHHEALVGHGFTHAHIVALSQHPAALGTVAVKYQDMIAALPEATHEAIVGVGKQWSGARALEALLTVAGELRGPPLQLDTGQLLKIAKRGGVTAVEAVHAWRNALTGAPLNLTPEQVVAIASHDGGKQALETVQRLLPVLCQAHGLTPQQVVAIASNGGGKQALETVQRLLPVLCQAHGLTPQQVVAIASNSGGKQALETVQRLLPVLCQAHGLTPEQVVAIASNGGGKQALETVQRLLPVLCQAHGLTPEQVVAIASNIGGKQALETVQALLPVLCQAHGLTPEQVVAIASNIGGKQALETVQALLPVLCQAHGLTPEQVVAIASNIGGKQALETVQALLPVLCQAHGLTPEQVVAIASHDGGKQALETVQRLLPVLCQAHGLTPEQVVAIASHDGGKQALETVQRLLPVLCQAHGLTPQQVVAIASNGGGKQALETVQRLLPVLCQAHGLTPEQVVAIASNSGGKQALETVQALLPVLCQAHGLTPEQVVAIASNSGGKQALETVQRLLPVLCQAHGLTPEQVVAIASHDGGKQALETVQRLLPVLCQAHGLTPEQVVAIASHDGGKQALETVQRLLPVLCQAHGLTPEQVVAIASHDGGKQALETVQRLLPVLCQAHGLTPQQVVAIASNGGGRPALETVQRLLPVLCQAHGLTPEQVVAIASHDGGKQALETVQRLLPVLCQAHGLTPQQVVAIASNGGGRPALESIVAQLSRPDPALAALTNDHLVALACLGGRPALDAVKKGLPHAPALIKRTNRRIPERTSHRVADHAQVVRVLGFFQCHSHPAQAFDDAMTQFGMSRHGLLQLFRRVGVTELEARSGTLPPASQRWDRILQASGMKRAKPSPTSTQTPDQASLHAFADSLERDLDAPSPMHEGDQTRASSRKRSRSDRAVTGPSAQQSFEVRVPEQRDALHLPLSWRVKRPRTSIGGGLPDPGTPTAADLAASSTVMREQDEDPFAGAADDFPAFNEEELAWLMELLPQ,1,1,1,1,1,1
9,MKVSHLTSPAPVVIEHQPRQSEKVSRDGDVIKPWSQLPAAAPSFGGCFGKSKKSRGYDSGSSSGSRSNAGFRLNHVPYVSQQNERMGCWYACTRMLGHSISSGPRLGLPELYDSSGPQGLQQREDVLRLMRNENLAEVSLPESRQFSANELGNLLSRHGPIMFGWQTPAGSWHMSVLTGIDKPNDAIIFHDPQRGPDLTMPLDSFNQRLAWRVPHAMLYSEN,1,1,1,1,1,1
10,MGEPVNPSFVFTAVDDISGCVPGGDINRISAHSPGACRMRPTSTSFPSLPHAQSRDGDSDMPASATAFPWHARDSASAFPGLSAAPVKRGRNATRSITAGAWRSSGMCLPQVDTQACDLVSAIAQVDRASAQPHGQDPQWEMRCRTVLESMRACAGESYKGDPATVADIDGLHLNVPMSTRRLKLWERETDDVIVAVLGFSGTCLNATDDLLCDMKSQIAQVHVNVFDERLPTLGKVGAGWQEWWQSEAQLPRADGTVMKDVLKRYMNRARESGKALSMSLTGHSLGAAAATLAGFDITHFLRAAGAPGKISIYSFNPPRLGPAGADTHYMQSLRSNDSELRFTLRQFARALDPIQSVPFFMHHPHWDHPGAADERAGSTSADRFAQFITVTDGPASTVNLADNHELTLWRSYFLSKIEPGDLQRIFSPMEVSQGTPEDRHLSRRQLFTSWLPYRQPPATRRPD,1,1,1,1,1,1
11,MSTISSVGAGYAAYASYASRSATTGNAASAAQAEKTNPLTQLFKSIDSDSDGSLTASELSTALSSNSNDDGKIDIDGLLSMLDQDGGGTVSESELAQALSPPPPPPGEQGQDVQSLFAGLDSDGDDSVSSGELSTLVNGDSTSSTQLLDLLDSDKSGALSLQELQEAMQPRDPPPRPPSSADASSSDGTQQAYAALMQMAVGQYRSVGGSATTSNLVDLAA,1,0,0,0,0,0
12,MGSGGLARQGPGSGDIAQLNSAASLFLQVPMRITNDNYSPIELLAEIATRRGTTSADTHRFFQGGKTSHDWLVEEWSSRVDCILESFKRYGIDVNATQFVRDQGIDVLLRVPNHQGKEWRLGFQIKSEQEAERDRTKKPGQENMIGTLKRQAHDAFERVDEWWILCCFDLDKHYKLVQGISSELTGGKQNRLIRVIDPRACAAMLRMSEAEVDAFCTLLLCRDDAVLRAAREEVAACHPNVGAFVLEHIVPALVDGERVSREEVASFLEEAFRKSERERLEDGGGEDDDCEAVIELDEDADEHGSVQDGIDDDEEFEDLDIHEMLQELESNGFLAAGTYDDDYRISPTAFPGVCALFFEARVRHGLNDDAAASYMRWLTLRQH,1,1,1,1,1,1
13,MGNICVGGSRMAHQVNSPDRVSNNSGDEDNVTSNQLLSVRRQLAESAGLPRDQHEFISSQAPESLRSSYNNLYSHTQRTLDFADMQHRFMTGASGINPGMLPRENVDDMRSAISDWSDMREALQHAMGIHADIPPSPERFVTTINPSGSIRMATLAPSPHRNW,1,1,1,1,1,1
14,MNISGPNRRQGTQAENTESASSSSVTNPPLQRGEGRRLRRQDALPTDIRYNANQTATSPQNARAAGRYESGASSSGANDTPQAEGSMPSSSALLQFRLAGGRNHSELENFHTMMLNSPKASRGDAIPEKPEAIPKRLLEKMEPINLAQLALRDKDLHEYAVMVCNQVKKGEGPNSNITQGDIKLLPLFAKAENTRNPGLNLHTFKSHKDCYQAIKEQNRDIQKNKQSLSMRVVYPPFKKMPDHHIALDIQLRYGHRPSIVGFESAPGNIIDAAEREILSALGNVKIKMVGNFLQYSKTDCTMFALNNALKAFKHHEEYTARLHNGEKQVPIPATFLKHAQSKSLVENHPEKDTTVTKDQGGLHMETLLHRNRAYRAQRSAGQHVTSIEGFRMQEIKRAGDFLAANRVRAKP,1,1,1,1,1,1
15,MGCVSSTSRSTGYYSGYESHEEPRAASRPTNSDDRGYETDSEPSSGNLIPNARSVYSESVLWHGTSMQSKIDLRSKGFDAGRKTGGATAGGNANMFMNLSREAQSETRRHHYLSSSQKEAKDFAMFADTSNPTLVRTIGVRNNLSLITDPRTGGTALMTDQSIPRKFVLGSKSSAPGENAKVFRDEMRAAGHNVSTKQAGELLREVQSDSDDDNFPDPDDFIMSRFTG,1,1,1,1,1,1
16,MRIHSAGHSLPAPGPSVETTEKAVQSSSAQNPASCSSQTERPEAGSTQVRPNYPYSSVKTRLPPVSSTGQAISDTPSSLPGYLLLRRLDRRPLDEDSIKALVPADEALREARRALPFGRGNIDVDAQRTHLQSGARAVAAKRLRKDAERAGHEPMPENDEMNWHVLVAMSGQVFGAGNCGEHARIASFAYGALAQESGRSPREKIHLAEQPGKDHVWAETDNSSAGSSPIVMDPWSNGAAILAEDSRFAKDRSAVERTYSFTLAMAAEAGKVARETAENVLTHTTSRLQKRLADQLPNVSPLEGGRYQPEKSVLDEAFARRVSDKLNSDDPRRALQMEIEAVGVAMSLGAEGVKTVARQAPKVVRQARSVASSKGMPPRR,1,1,1,1,1,1
17,MDPIRSRTPSPARELLPGPQPDGVQPTADRGVSPPAGGPLDGLPARRTMSRTRLPSPPAPSPAFSAGSFSDLLRQFDPSLFNTSLFDSLPPFGAHHTEAATGEWDEVQSGLRAADAPPPTMRVAVTAARPPRAKPAPRRRAAQPSDASPAAQVDLRTLGYSQQQQEKIKPKVRSTVAQHHEALVGHGFTHAHIVALSQHPAALGTVAVKYQDMIAALPEATHEAIVGVGKQWSGARALEALLTVAGELRGPPLQLDTGQLLKIAKRGGVTAVEAVHAWRNALTGAPLNLTPEQVVAIASHDGGKQALETVQRLLPVLCQAHGLTPEQVVAIASNIGGKQALETVQALLPVLCQAHGLTPEQVVAIASNGGGKQALETVQRLLPVLCQAHGLTPEQVVAIASHDGGKQALETVQRLLPVLCQAHGLTPEQVVAIASHDGGKQALETVQRLLPVLCQAHGLTPEQVVAIASNIGGKQALETVQRLLPVLCQAHGLPPEQVVAIASHDGGKQALETVQRLLPVLCQAHGLTLDQVVAIASNIGGKQALETVQRLLPVLCQAHGLTPQQVVAIASNSGGKQALETVQRLLPVLCQAHGLTPEQVVAIASHDGGKQALETVQRLLPVLCQAHGLTPEQVVAIASHDGGKQALETVQRLLPVLCQAHGLTPEQVVAIASHDGGKQALETVQRLLPVLCQAHGLTPAQVVAIASNNGGKQALETVQRLLPVLCQAHGLTPEQVVAIASNGGGRPALESIVAQLSRPDPALAALTNDHLVALACLGGRPALDAVKKGLPHAPALIKRTNRRIPERTSHRVADHAQVVRVLGFFQCHSHPAQAFDDAMTQFGMSRHGLVQLFRRVGVTELEARSGTLPPASQRWDRILQASGMKRAKPSPTSTQTPDQASLHAFADSLERDLDAPSPMHEGDQTRASSRKRSRSDRAVTGPSAQQSFEVRVPEQRDALHLPLSWRVKRPRTSIGGGLPDPGTPTAADLAASSTVMREQDEDPFAGAADDFPAFNEEELAWLMELLPQ,1,1,1,1,1,1
18,MQIKNSHLYSASRMVQNTFNASPKMEVTNAIAKNNEPAALSATQTAKTHEGDSKGQSSNNSKLPFRAMRYAAYLAGSAYLYDKTANNFFLSTTSLHDGKGGFTSDARLNDAQDKARKRYQNNHSSTLENKNSLLSPLRLCGENQFLTMIDYRAATKIYLSDLVDTEQAHTSILKNIMCLKGELTNEEAIKKLNPEKTPKDYDLTNSEAYISKNKYSLTGVKNEETGSTGYTSRSITKPFVEKGLKHFIKATHGEKALTPKQCMETLDNLLRKSITLNSDSQFAAGQALLVFRQVYAGEDAWGDAERVILKSHYNRGTVLQDEADKIELSRPFSEQDLAKNMFKRNTSIAGPVLYHAYIYIQEKIFKLPPDKIEDLKHKSMADLKNLPLTHVKLSNSGVGFEDASGLGDSFTALNATSCVNHARIMSGEPPLSKDDVVILIGCLNAVYDNSSGIRHSLREIARGCFVGAGFTVQDGDDFYKQICKNASKQFYNG,1,1,1,1,1,1
19,MTIVSGHIGKHPSLTTVQAGSSASVENQMPDPAQFSDGRWKKLPTQLSSITLARFDQDICTNNHGISQRAMCFGLSLSWINMIHAGKDHVTPYASAERMRFLGSFEGVVHARTVHNFYRTEHKFLMEQASANPGVSSGAMAGTESLLQAAELKGLKLQPVLEDKSNSGLPFLIACKQSGRQVSTDEAALSSLCDAIVENKRGVMVIYSQEIAHALGFSVSSDGKRATLFDPNLGEFHTHSKALADTIENISSADGLPLIGVQVFASKIH,1,1,1,1,1,1
20,MGNICGTSGSNHVYSPPISPQHASGSSTPVPSASGTMLSLSHEQILSQNYASNIKGKYRTNPRKGPSPRLSDTLMKQALSSVITQEKKRLKSQPKSIAQDIQPPNSMIKNALDEKDSHPFGDCFSDDEFLAIHLYTSCLYRPINHHLRYAPKNDVAPVVEAMNSGLAKLAQYPDYQVSGQLHRGIKQKMDDGEVMSRFKPGNTYRDDAFMSTSTRMDVTEEFTSDVTLHLQSSSAVNIGPFSKNPYEDEALIPPLTPFKVTGLHKQDDRWHVHLNEIAESSDE,1,1,1,1,1,1
21,MSDMKVNFSSKIIDSTPSEEEVATQQDSYTKSGLVAPSLDSQALKKAPRKRVIKENIAALHTSSLERVHQKKVLVQNLAQLQRGLAKINGRVELEELIDGFSVKELLIKRNPKIAEEYGEGNPLMIRSLRFSNPQEVTSKLGAEGKTPAKREVDTICNKSTLHDIVMTPASLVKKEVRMNLISEVPRAKDKQKYRGLPSVVYGQSSRRSESDYLTSRNGFGDVHSFKSNNAFNSDYEKICGSLSHAEKLGLIERNLTPFIRHDPDRISTDFVHSIEELAEHQMLLQSRKPASALRHNEYCTKLELWDAKAIAVGESRALAVATLIEFNLEMLSIAQEIDDDGHKSKMVADFIERQLSWLGPQTALDSKSTLERVSAVTIQEREFIANEISRSLRQGVSLCTYDKDEAGSHIREMSLLDFRVEEIIEGISIFISSKLLHVTNAGEA,1,1,1,1,1,1
22,MNIRKYLPVCFTGRTVEDDTLSSTPAQTEPRKKSGKRSTGMLTGLISRSRKASEPDLAVRRKPLAEPGSPIKAAGTRESGNSLQQLFDADPNVASTAGAAQVSQPPAGHMSDLAPPAGSVAPSPFSGARTWATASAAAIHEITPVPVSPAIEVEAPAGAKPAEAAAASGAVAGGGVPLRQEPLFDLAFKKGKIRVKARHPAQDRKQAHQLERLLNLRDNRVTSLTWNQATGGYLIDYQKHGVRYWVGMHGKSLPAIVLPAHPGMKQGCSPPPIGLLANLSGSPDGALWREHHGQLYQWDTQQAQWKPHALPGKMRAPITLLGRQLDGEAWARAGSMLLKLGAGGIRAYEVAGLERFSAVRMDAAGRPLALDGEGRLCRPDSPSAQPRPIQLQLADGRPAFEPVQLGKPDKPIQLARARDFVLAPDGHTLFARDQQGHLYQGDLHAADAASGEIKARRVGVPVRMPGSADGWGVETLATSPGPSDKGAALHAVFRSSEGQRVTAAWDGQQWQPQWHVEQPLLLMSERGLQAPAMRTVCTYNDGAALGISAAGQASQKDGAGHWRPLLQADGTPLADLRDLKLGPLGLADAKPVYALQSTPAGGSQLLALELGGNMARLPARPGVAVAAVPAQRYVSQVSVLAASAAPIRDFAVDGAGVAYHLTDDHALMRTPPGGQPQHLPAPPGQARLEQIAVSSDQHQVFALAHSPSQDGGAAPQLSLLRYDHASASWADCQAGLSVLDPETVRLGISRLGTLQLTTGGADGEQRTHRVVPPLGAQKRYRLLATGTTEPTVSQALTGNRPKRVRIPGTGVVATLHRTAGGVTERVQSNFRTAVGHVERVLAMPKGAVNRAMEHLRGRRDMAEEYDDMKATHLELEPLLHHRHWPLPPTVAAGPAVAPVVPEATAQACAALRGDAIDKMLGALAQIGVAARVLGPDLTLDAAAGRRKQRRPAKAKPDPDDLLPKMHSWLDEFVRRAEAQAKPSPEAGAKAPAPVFDPARLGDLHRIVELMHTLSEHGVKLPAPDLTGQRDTRDRFAILTGAVGRHLLTLDLATRLVTLPQTVAVIGSDSAVEVLRQSVETDKVLRLARFGFSNWHDAEAFWETAQTFKKEVMKPGSPFNRKFAESHAVRDASSPAEMALKFAEAMKGLSNRSTLFGIESKGASAGVTSAGVVLPKKRVGAFGFAVLGVDRTTMVGVERTADKLAEGPLVAFFVRQSNKGLTMGGGMGMDFKPLRKVLGFRLQGGAQASASVMHGKGAAMLVAPDNIDEFARRLFDPASHDPGRLLELGLNQGAIGLDMIEQQLNLSANAGGLGGYADKIPGFGPAHRHGDGSSTSAFQQTGLQRGFVGANVNWGVRDFFLKLQHAWEPISGYEYQGGRGWSANAFASLVQQGGLLPHVSDAFTLVLRSLNITLLGASVELSGVESFKRTLDWKTAARVTPQEWSQLAALAREVFPSQAIGHFDGPHLKAIIATTLQAAKSTWAARTEHERASFVDRAEQLLLQDQLASGGRAMLLPGAKIEFNIPNFRSLVDTRKNSKAHRSLGALMEAAERAREAVPGLADAMRAMSERDGVNDVRFVFQMDPSYINAVNRLMLEGKLSWAEFNTMARTVPAPYRLTEICAKDSDSNRSAFTLNPLPLLAFNDSAEVSRSLFAAEVHLRYGLNGRLLGADLLPGAQRAVAGQKVLQPFVDAGVQPVPAAGGAAPAQAPDLPRLQRSQSLPSERPAGPALKARSLERSKSLE,1,1,1,1,1,1
23,MSRIFRSSSTQPTQAPSTSGGTSSTQATPPQVRQRSASFQLKALARKTGRALGLVSAPRAEPQIKPGDKGPLGVLMHRERPSKLTRAFTGVPQPGDSQPSSRASSRASSHHTPERTSSSSSSHSAVSASGESLPHLPVHEKGLVQFAAVAKWTVQGEGVSDASQHNGVDERISMKKINIDNETHKKPGKLAHMDETRAGAQGDLSVAVSQMVNLLKERMRLNGNPDEVAEAEEIREALAQHQFPESLVYEAKHFGLRTEENRAAVVARFYEWAADDAELAEDAAQHEEHPATHEAR,1,1,1,1,1,1
24,MDAGRLPPSFVPPATLSPDATAGDHTIQTQNEPPRSPRKRASDVTSNLPRPARQPSAEPLEPASPGQAPSGFRTVPLPASTSSTVTQTEAIQPAPARIDPPLLQQSMAAWLPADVYDNARFTARSIREYAQEQLGLPNDADVVAHLFNALPEDQRTEPNRELLDKAMQHSVNASGAAMLMVNTDAGLQLVAANSQRHKIVIQTNGACEKGESIRQTVRREFKEELGNPAPNGILLGTLSEANLRAVNGLNYIGHTAAEIAAHIVKVEADPSELFLNVTSLFVNRAPVTMQALEAEVAHLNERLARAKPFYQEAVHYIYGDAKTTFQQDAQVRGEAANVVKRFRQACPDNITENFAQCLDAIKADGTDDMDALKQALAAIIDLAENDAIKLIDEPTFAQAMRLATRMDSDEAAKTALENDYFDMSFIGGALHLGDAEPEAFMAQLKAGETAPAIGRPVLNKDDAAQPEAAIRQAA,1,1,1,1,1,1
25,MGLPRIPSIFRPSSTASPDARRTDPEHTPPHAPPRRPKNRGLGALLDLPRLVRGRRDGASTSMDGPAIGAPPASPPAGFKLPRQNALNAEGICALERQFPPPSSGPSSGPLLRPSPSGQASASNPLPVRTLAEQLLRREQILASQPPAISVASSPPYIPVDALPPPLSKAFLEAFDPIRSLGLTDQSVFYRALASRYLLADGHQMKLAGNPRSGAYVRHHHRLLPSSGLASRETFESLPATARERMLNDPMQQYEWVRMRARDLPEPSLNVMFGVHAEAGARSYAKTSDHVVVSMTFGDLRKAGGQVFLDTRASAGSDHTKALIVTLPKGRTVPVKIIPNGRQEASTSTR,1,1,1,1,1,1
26,MGNGFSVNRHGPVVPQDVGPRSASADVDTPAASPAHPARTASGPLLGLRSAQAQHAVAAASGQAADGEIGPAIGAPDRLPEPRTEMAPPSMRAEQHLPAVAGDEASRTDAEPLSGARKLPPEMWTVIAHRDPVAQQRLRVVSRTTRAAAEVGIRQLIVKTPEGLAAVKRPGSYPNLRELTLVGNFWGNDLIGLPATLRELDLSGCSGLRVTGLDPLLALPLDQLNVSGCRLGAEGARQLANHPTLTSLDMRGNQIGDEGATYLADNPRLTVLDVGDNRIGDPGVIALARNTVLASLHLDGNTFGLDGIRALAKSATLTTLNVGKNRIGPEGAEALAEHAALTTLLIEENAIGDRGAQRLAANKILTTLNVRNNGIGPDGGLALAASTSIVSLAIGHNRIGSGAVLALAANRKLTSLDVEYTEISAVADAADAQAAAAAVAEVASALAASTSLVHLNVGTNCLGDEGARRLAASKTIKTLNISYNKIRLDGARALAANRMIASLDLAGNVIGTPGVKALAANTALATLNLRQSQIEPEGVVALAANKTLASLDVGANKLDPDSLRMLLTQMNLAVLDATFSGCEPGAGAELTALAARIGVTLRI,1,1,1,1,1,1
27,MRVLSRFSFTAQPRADSAEPKKAPVAGSRGAAARPAALEKLTAFSRSNAAKQANSFVRSPLPLRGDRYSSEPGVLPSAGQFDAHIWDELPTQMAQCAVARTRQGLAFRARFGAESAQHYSGSCVGLSAVWIRLHEAAPATHAVNRVNTAGSFDGMAHAKVYQRAYEANQSDMLQGRASKRFGKSDMARLDAIAQEQPSQILGLTIGTEAYSHKSVGSTARVLTEFDGYGLLALRMAGSRGAINGHAAALHRQPGSSHITFFEPNLGEFHIPLHDTKDFLQAYAGMQKSLGQPVSQFDLLPVGVHGSIHDTPLQTLAHSLVS,1,1,0,1,1,1
28,MSIQIDRPNNHFQTPSTWNHDAGSSIDTSQLQRAVQLLDQVLQQLEARKLFGNMLNQPGADNAGQNHAGGHGGGHHGGSNGFGENGRFGSPHANSPAQPDLELPANKPNNGKHNTSASTPDTQTAPSSTSPTTGTSPTPTSTSATEGKVAYGVKPPEPTGVVDVSKPIVVKAGETFDGGGKYYRPTKEMGDGSQNEHQKPLFILEPGATLKNVQYSGGDGIHLLGSAKLDRVVNRQVGEDAITIDGAKNRAHDAKIAGIDPASIPGGTPKVEITNSAFYGAKDKLAQINGDVDLQVKGMYVNGAGKVFRTNGGDTQIKATVNVQDSNFQNVSEAVFRTDSKFSTASFSDDVKSDAPFDGLAPDKSQVTGTNKVSYKAYSG,1,1,1,1,1,1
29,MPRSNMARGSAVPSAMPTGELARGRCSYRGFFTMRSNFNNSVNRQHSVPDTSANTTTPATIGQASTDRVPTARGLSQAEPGVRARDEQFAVLPRRRSRDENALPSIDQPAAQRPRVSLPPHAAKAASQPRVDSGASPSSAPKPELSMDLARKRYPALPHYLERLEAAYGSDTVLHPIEDIDHMETIIKGLNLADPMLNLHLDKMQADDSPEQIRESVLAKTLEAELRLEPRQRASNGWREIIHDTGHSIAMGVQCSRSSNDVSILVIDSGSADREVTKKWRGVVQAIAPDIQAKLGPSVSPVRLRVQFFAINTQRSQEGSGIFALSAAKKMASDRAIRGLQDLTLQMMAMGQYKEGVYRADERKAAQFLPPSLYKHATSKRVLDAYVAERARGALFRVMGRPDGKVNKKGQTLVERYAAHEIQRRERPVDYNVPLLCTYSNSYEAKRIDLIWTALAALTHPRQA,1,1,1,1,1,1
30,MRRTATSRPAAQGGDPAPSPPRFVVSTPMQIRNVPRSDLTPIRSGDNVSTPAPNSVPPRRARSASDLQAMGLCARGTPSSAPLALPAIGIATHHEAVQETHLSAAAALETELLLPHATDAGLAPRIAFRLMNVATRIAEHCAVKPSPGEPQAPIPEAWRCLEALASLRLRLHPAQLGLARQMLLGAVEASTHAPLDKALLQDILKAVTQADGPGLDEYVARRAYDGLCLGQLQLKADDEAEPPTRTFNSILPSLAASTYDYNPLGRTLLWEGACRLFDGPSAQRRRAALQTAVFSLPNVPAPGKQPLDNLIEFVLAIDDMKLYETTPASEPRAA,1,1,1,1,1,1
31,MVSRIPTGNRGQGNGIEQSASSHATEATPWLGVNLPYGHWLPSSARSVVSRASSLLGGLANFRWGGRPASARPAPNIRSAAIAPAQQTLPPELWQQIATLAGARPRRAMREVSLELRNASRAVVTHLTISDPAMFRQLSLYPALKSVRFKGELTLEALKALPPELEHLEIGRCTGSAISAEGLAHLASMPLKSLNLNGIEIGVEGARTLAASKSLVSLSLIGCGIGDRAAQALVASRSIQCLDLSVNRIGRDGAQALAGAPLVSLNLHNNEIGNEGARVLATSRTLTSLDVSNNGVGNAGAEAFAGNTVLKQLSLAGGMISGDGAQALADNKSLTDLDLSNNRLGDAGAQALADSESFVSLKLGGNEIGADGAEALARNVVLQSLNLSYNPIGFWGVNALGRAKLRKLDLCACAIDSDGASALARNTSLASLYLGSNRIGDDGARALAKNSTLTLLNLSGNNIHAVGAQALASNDSLITLDLSRNGIGDDGTAALACHPRLTSLNLSRNQIGSTGAQQLAKSATLAELDLSENRIGPEGAEALARSTVLTTLNVSYNAIGEAGARALAESVSLTSLDARRNGIGEDGAKVLEANTRITGTPQNPNFLAEDVPRPDVRWRD,1,1,1,1,1,1
32,MGCFNVTGASGKASDYVAERHANQPSTEQATQRPAARSAGQGVLQGLQRQNSTSRPSDDESAIQHAVAQARAGERFRPGPLPEQKELTGPKIGRSD,1,1,1,1,1,1
33,MKRLFRALGVSQPTRTYTPTTDTTSPAAATPESSRNSSPESSRSPSPVRSRSRNHPDLSDLPSRPRRKAEMLAESIQSARDRGVDPEFISYAETTLHNLASHTQPSVMETNLDIRHLDTIVQSYRYNNLNLQAFNSREAFVASLVEGQGSGRAERGVVRDYPNLHHFAADVRHHEDGRTTVIILEPASAGNQENLPGYTELASALRYNLGSQCRMVVIEAEAQKSLSDCVAFALDFALAAYQERRTTFDQWHENLAAYGTIADNGVQDKKYGPFDRGLYHNYGIHLIKGWGVLPPVFYKHAHSRETLKGVEKRQPGSLETDVSTGRNKDGAESLEERMEAFSDRHGFRPRNISIEASRARKIRHALES,1,1,0,1,1,1
34,MLKTRITPATQPASTSTVAHPDGATESQTQPPQVSGPRARTADRNFTNLPTRHASARALKQPVKLTRAASKVDTRALAAAAIQPGLSARLESMRQYLAELKTAAHADPNLRVETPGHRDAEFLDLLVAVENARHPKLALSAHTISLNTLNTTNPAAVASLARNLETSMRSREPWHAVVDIGGHAMALSVRHHPEQPKQISMIVVNSAGEHLSVPEWNLMATLLAGHLNHKLEQAGDPKGVRIVLHCLNTGIQKTNHGGAIFALSAVKAMPGDEDIGKLHAHALSEAGKHADAVDVHVIDETPLLGPRFFKHMTHAFGLERMLTNRPDLRTAPVNKKTGLPLAQYQSQHLRPHRLLQHVRETSSTSYEDKRLQLYERAITHLASARVEALTDHLDALRRACKGKADMPAPRDAEFLDLLVEVENKLDPQLRLSAHKIDAPRLAVRDPGAIASLAPVVADGVRGGGDWHATLDIGDGHHVAVAARHDAAHPTHVSLAVLDGAGSPFSPANWRDLASTVAKCLDAAGNGRTGKVWLTYVDASSQATTSNSALFALRATKEMKESGLQHDGLIDQMHKNALNLARSAQTAVSLGKYGGPAPLDPEYGTGGGADRYSLDGILRQEHIKMYKHAIRHFERAKEPAPERH,1,1,1,1,1,1
35,MRLNLHATEKKTTVQNVENPNNSTIPPLQQGSSSSAPQASGGTLASEGKNIASMPAIRQHLSADGENGAARQKNKSFSLKNFLGFKKTTKAPAQPTNPGSNVPESSRIRRPTLGDFLAQPEQDGEIQAPHPSAASPRLTRSPGVSRHSVEDMRDKPVAKADPRETSAIDIKHQLNNFNQMRQNILNKTRPFSQGATTSSVMDARAPLPAIPSTTSEITEEVDATQPEQQLPQRHLDARENPSRILKTGRDVTSIHRFRPTLPAIAENTAEAEANRRIQPLQTPPPLENTPVSPLSLTLDKGKLRLADSNPTAMNTLLEQTLGKEGQHYVAHTASAEGNHHMLLDEQGHLFDLKSHEGGYSVFHNSLPSTVKMQLSKNNDEPIKLVNDNGKLILDRGAEGQEVLHLNPPGEIHHAYLSGIWRHSVAGEMNQENQWVRIHDDKIHYLNNEVGVWQTSDKTPYSQLSVQGDGKLYAVRDSRALHNLSDNHVSESFVDKIKSFAVSEHGEVAVLTDTESPHHICLMPSANAVSSERIAFSLHLADTMQMLQRGEPHLETQSIALKDGRLFAADSEGKLYCGELSQIKDGELPMNPMSQNVLKQHFGHDHRIEGFFTDDNGQVNALVKDNFRQMHACPLADDNQFHAGWNLSDALIINNQLGLNNINPAPHEIVNLGHEGSLTLQDGKVHYFDQLTRGWTEAEAGCQQLKKGLDGGAYILKEGEVKRLNINQSTSSISQGRDNFFALPHVRNKPEPGTALHGLDKTDKAQAIAVVGVNNYLALSEKGDIRSFQIKPGAQQLARPARTLSQEGLNGTLKDIHLDKKQNLYAVTREGEIFRQAREHWQQGESGRGWQKLTMPPGESGIDRIETDAHFHPVAVLLDGSRYQLRGETWHPQNASEPTQLETGLRDSQRVFARLNQDMKGGLIPGTGLTIQASAQLAGKTGRENRQIKSKFAERVRAYIFNPTMATPRPLKNIAYNLQHRWQGRRGLSAVYEMQGALIKQLESQNVRNKGAQTDLQSKLDALDFGEQGATLLKNIKQFREELENSATQAAILLGKHQGVLTSNGQINEKFKPPISKAAIQSFNVNRSGRDLSKGLEQAVRAASPSPQSKLQKLLSHFVTSGLNMSHQKGDIPLGRQRDPNDENALTKSRLILDVVTLGELHEFVDKAALISGHNPDPSQIAQLHQQFEALRENQYEANPVKQFTDMGFTHNAALEANYDAVKAFINAFRKEHHGVNLTTRTVLETQGNASLEKKLKDTLLSLNAGESMSFSRAYSGGLSTAFVPTIKKIPVPIVPGAGITLDRAYNLTFGRTDGGLDVSFARDGGVTGTLSVSTGHDLLPYMTGTQTTAENASDWLSKKHKISPDFRIGATLSSNMQRTLQNSLNFKLTEDELPSFLNGMIQGTLTPVDLMKKGIEHQMKQGSKLVFNIDVSAASDLRAGINITADGSKPDTATFRASTGLSASANLVSARSERSTTVGQLGNTVSASDNRPTFFNSANIGANLTLSAGVAHDFIRGASVSQDGTTKPEKKPGTFPAFMSVNVSAALALDNRTTQSISVEMKHADPVSQNDIDELISTLGKHFKDSMSTTLLSSLKNQENPDPAEQLKSLDRHFSYNNVVGDDRYEAVRSLKQLVQRQRAAESNMMELGSAKHTTQYSNLSRLDENGIFDILHHHFNAALPPTSATRISNMMANNPLLKALIQKLQSSPFTSASVSMELKDGLRDQTEKAILDGKVGREELALLFQDRNNLRIRSINVSQSVSKSEGFNMPTLLLGASNSAGLSMGRNIGTINFKYGQDQDTPRRFTLEGEIAKANPDVASALSELKKEGFEMKS,0,1,1,1,1,1
36,HAWRNALTGAPLNLTPDQVVAIASNIGGKQALETVQRLLPVLCQDHGLTPDQVVAIASHGGGKQALETVQRLLPVLCQDHGLTPDQVVAIASNIGGKQALETVQRLLPVLCQAHGLTPDQVVAIASNIGGKQALETVQRLLPVLCQDHGLTPAQVVAIASNSGGKQALETVQRLLPVLCQDHGLTPDQVVAIASHDGGKQALETVQRLLPVLCQDHGLTPDQVVAIANNNGGKQALETLQRLLPVLCQDHGLTPDQVVAIASHDGGKQALETVQRLLPVLCQDHGLTPDQVVAIASHDGGKQALETVQRLLPVLCQDHGLTPAQVVAIASHDGGKQALETVQRLLPVLCQDHGLTPDQVVAIASNSGGKQALETVQRLLPVLCQDHGLTPDQVVAIASNGGKQALETVQRLLPVLCQDHGLTPDQVVAIASNGGKQALETVQRLLPVQRLLPVLCQDHGLTQDQVVAIASHDGGKQALETVQRLLPVLCQDHGLTPDQVVAIASHDGGKQALETVQRLLPVLCQDHGLTPDQVVAIASNSGGKQALETVQRLLPVLCQDHGLTPDQVVAIASNNGGKQALETVQRLLPVLFQEHGLTPDQVVAIASNSGGKQALETVQRLLPVLCQDHGLTPDQVVAIANNNGGKQALETVQRLLPVLCQDHGLTPAQVVAIASNIGGKQALETVQRLLPVLCQDHGLTLDQVVAIASNGGSKQALETVQRLLPVLCQDHGLTPDQVVAIANNNGGKQALETVQRLLPVLCQDHGLTPDQVVAIASNIGGKQALETVQRLLPVLCQDHGLTLDQVVAIASNGGKQALETVQRLLPVLCQDHGLTPNQVVAIASNSGGKQALETVQRLLPVLCQDHGLTPNQVVAIASNGGKQALESIVAQLSRPDPALAALTNDHLVALACLGGSPALDAVKKGLPHAPELIRRINRRIPERTSHRVPDLAHVVRVLGFFQSHSHPAQAFDDAMKQFEMSRHGLVQLFRRVGVTEFEARYGTLPPASQRWDRILQASGMKRAKPSPTSAQTPDQASLHA,1,1,0,1,1,1
37,MSVGNIQSPSNLPGLQNLNLNTNTNSQQSGQSVQDLIKQVEKDILNIIAALVQKAAQSAGGNTGNTGNAPAKDGNANAGANDPSKNDPSKSQGPQSANKTGNVDDANNQDPMQALMQLLEDLVKLLKAALHMQQPGGNDKGNGVGGANGAKGAGGQGGLAEALQEIEQILAQLGGGGAGAGGAGGGVGGAGGADGGSGAGGAGGANGADGGNGVNGNQANGPQNAGDVNGANGADDGSEDQGGLTGVLQKLMKILNALVQMMQQGGLGGGNQAQGGSKGAGNASPASGANPGANQPGSADDQSSGQNNLQSQIMDVVKEVVQILQQMLAAQNGGSQQSTSTQPM,1,1,1,1,1,1
38,MRIRSTTAPTPAGPSAPRPRSRRAVAALALAGGLASAAVLAVPVAASAQDASVVVASASADHAASAAHWTPAARAAALAADAPSVAGSASASGSTQSGTLSSSDAASAASGAPVPHPDQPFVGVLFYVSGGRNHACTASVVDTPSGDTIATAAHCLVDRRTGAATTLATFIPGAQGAAAPHGIWPVRVAAVSSAWTATGRASDDAGFARVSGPAGEVLAASVGAAEPVFGSALVPASGVAPRLAVLGYPTAGSATAALEACAGRPQHDTGGQTSLQCTLGTGAAGSPVLTAAGEQRAVVARPSAGRGVLLASWGADAERALTSLHGR,0,1,0,1,0,0
39,MNKNRGLTPLAAVLMLSGSLALTACDKKDPQQTEQQQAPEVGIITLKSTPLKITTDLPGRTSSFRVAEVRPQVSGIILKRNFVEGSDIKAGESLYQIDPATYQAAYDSAKGDLAQAQANAQIAATTVRRYKPLMGTKYISQQDYDTAVATQSQTAAAVVASRAAVESARINLAYTKVTSPIDGRIGKSSVTEGALVTSAQTTALASVQQLDPVYVDVTQPSEDFMRLREELASGKLQQINGKAEVKLLLQSGSEYAQSGVLEFSDVTVDETTGSITLRAIFPNPDHHLLPGMFVRARLDEGTNPNALLVPQQGVTRTPTGQATAMVVGPDNKVESRNLTADRAIGDKWLVTEGLNAGDRVIITGLQRVKPGATVTPQEVSDDGAKTTTQAQSEKPKS,0,0,0,0,0,0
40,MRCRVALFSATSAIKAIAATLQPLQPLQPSQPLQPHYSHYSHYSHYSHYSGRMRELTFTFLMLLPFSGLRATAQCYWGLLAYRTLAGMGLDGEFGIGMSPIAAFPVLNCAAPDSGICLLSLYAPPHYVRPFSADSLRSWPEP,0,0,0,0,0,0
41,MKKKTRLSTGVMTLVSTSSLLMLTLSSARGQQMPAAPQLDAKAWILMDYNSSKVLAEYNADLRLDPASLTKMMSSYVIGQALKAGKISKDDVVTVGKDAWATGNPVLKGSSLMFLKPGDRIAVSELNKGIVIQSGNDASIALADYVAGSQDAFVGLMNHYVQALGLKNTHFKTVHGLDANGQYSTARDMALIGQALIRDVPDEYALHKDKAFTFNKIRQHNRNRLLWSTNLQVDGIKTGHTSGAGNNLVASAVDGDRRIISVVLGAATDAVRFRESEKLLIWGVRNFETVTPVKAGNAFVTQRVWYGDRHEVNLGVAQDAAITLPHGQMKNLKASFTLSQPQLTAPLAKNQVVGTIDFQLNGQSVEQRPLVVLEAVKEGGVFGRIWDFVKMKINSWFGQWFS,0,0,0,0,0,0
42,MLRKWMLMLFAGLVLSGCGGVPVTRYSQEEPKLDLRHYFTGRVEAWGMFQKRSGEVTKRFTVVIDGHSEGEVLVMHEAFSYSDGTKQVREWRLRPDGPGRWKGTAGDVVGEAYGEVSGNSLHWNYVLRLLVDGTEYDVSLDDWMYLIDKQTMANRSSMTKLGVEVGQITLFFRKAGK,0,0,0,0,0,0
43,MKALLVTLALCGVSSFAMAEESQTKVAAQQARVEQYTYGTHLDIARVISISEIPNVCEVVPARMVYEDSQGARHTMSYQVMGNGCSNG,0,0,0,0,0,0
44,MSLRVKITAGFLLLCSGTLTAFLGTWEGNGQNVVYADRLAGGLPTVCKGITRHTSPDPVVVGEYWSDARCAEVEGLVIAKGQLSLADCLTNQAIGQNTFDALSSHGHNFGVPTTCASRAVGLINAGRIADGCRALAWASDGTTPVWAYVTGADGRKTFVRGLHNRRLAEMRLCLQ,0,0,0,0,0,0
45,MRTVILRRGLVALFAAAVALGAVTQAQAEDLRIGYQKYGTLVLLKAKGSLEKRLAEQGVKVQWTEFPGGPQLLEGLNVGSIDFGVTGETPPVFAQAAGADLLYVAYEPPAPTSEAILVPKDSPITSVKDLKGKKVVLNKGSNVHYLLVKALEDAGLKYTDIQTVFLPPADARAAFERGSVDAWVIWDPYQAAAEKQLQARTLKDGTGIVDNHQFYLATKPYAQKNPKVIQALIEEVRAVGEWSKAHPDEVTKQVAPLLGLPADITLTSVKRQGYGALFITPPVVAAQQKIADTFYQLKLIPKPLSIADVVWTPPAAVAQAQ,0,0,0,0,0,0
46,MEFSKRLKVILALAAVMIAVQVLNSITGNGLIHFGIIPRNATGLRGIVFAPFLHGSIQHLLSNLLPFIVLSWLVATEGVRRYAWVAGLVCLLGGLLVWSFGRSNIHVGASGLIFGLWAYLLARAWYQRSIASVLVALLVLAGYSGLVFGFVPVAGISFESHIAGALAGICVAWLMHSKALLAQK,0,0,0,0,0,0
47,MRKSALLVASFTAMALMLGGCASNLTGDSYSRDEARTVQTVRMGTIESLRPVKIEGTKTPIGGAAGAVVGGVGGSAIGGGRGSIVAAVIGAVAGGLLGSATEEGLTRTQGVEITVREDDGSMRAYVQQVQENEIFRVGERVRIMSVNGTSRVTH,0,0,0,0,0,0
48,MRNILLLAAAVGCSFGLPAQAATFAYISSPTDGLISQYRLDEQSGALSLVEQTKAGDQVNPMAISSDGKRYLQRCVPSLIKC,0,0,0,0,0,0
49,MPSTDRFSLKIPNARQLAGCAALAAAVTLPVSAAHAAKPPIVVTEGIKAFRLCTGPDNLSHVIEGSIDQKVMTDVSALHFKETPAHSQYD,0,0,0,0,0,0
50,MPVHSRFLAWLLLPLLALGSCIALADPVEGAAQALHLLDYLGADYPATVADGKVVDTVKYQQQVDNLAALQGLVVALPQRAERDALEQAVTQLKSAVAGRQDAAQVTRQARQLSAKLALAYEVSQAPAITPDPARGAPLYAQHCSVCHGDSGAGDGPAGIGLEPPPSNLRDTARLDRLSLYDLYNATGLGIAGTDMPAFADQLDDRQRWDIATYIASFSAQPVAQPAKTFNLADLARQTPAEVQAAEGPDATATFRAQRAQPPQVQRGPAQLLDYTSVTLDKSLAAYKAGDREQAYDLSVAAYLEGFELVESSLDNVDANVRKDTEKSLMAYRQSLQDSMPLPQVAQKLEAAKGKLKESADLLGSDGLSLSLSYISGLLILLREGLEAILVLAAILAFLRNTGQQSAVRSVNIGWGLALLAGLATWALAAYVIDVSGAQRELLEGATALFASVMVLWLGVWMHDRRHAAAWQDYIKSSLVGGGGRFGFALLAFFSVYRELFEVILFYETLWLQAGPAGHDAVLAGGATALVLLVGLAWVILRGSAKLPLSLFFGINAALLCALSVVFAGHGVKALQEAGIFGTRPVPFFEFDWLGIHADLYSLGAQAIALIAIAVLYGRSRLTEKRRLQTAD,0,0,0,0,0,0
51,MKTSQSGFTLLEMLAALTVMAVCSGVLLVAFGQSARSLQQVSRSDRLSHAARTIMDQESAGPLENGTRKGELAGIDWTLDIRQLPGANGQARMFRLDLMLSEHQRKAQFSTFKLRGAVSGAGS,0,0,0,0,0,0
52,MLRRILFGLLAVSSLTLVGCAHSPQQLSPTPKLNAQLAAVGRGQPVVVRVVDGRPGPTLGTRGGMYPETSAISVTGADIVPKLQAQAESAVRLLGFTPTQGGNAPQLTVTLADLKYQSPKEGLYVTEATISSTFRADVRNNGRSYSGRYAASLDQRFGMAPNQETNTKLVSDVLSDALTRVFQDPTIGSTLAQ,0,0,0,0,0,0
53,MNMRSLSISRRLWLILVVSVLMLLVLAAALLRQTHEDLYRAKSEKTMHVVQTASGILTFYQGLEAAGSMTREAAQQQALKEIKGLRYSQNDYFWINDLRPVMIMHPTNPKLKGQDISTIRDPDGFAVFNEMVALVKSKGAGMVNYRWPKPGASEPVKKTSYVQLFQPWGWILGSGVYVDDVAAEFKTQLWNAGLFIVGIVLVMVLLLVLIVRSIVRPLRAAVAAMANIASGESDLTRTLETHGKDEITELGGHFNAFIAKLRNVVSQLQSSSVALGQASTDLGSNAEQAQNRSQQQSQQMDLVATAVNEVTYGVQDVAKNAEHAASEMRDAESQAQQGQVNIDNSLRQIEHLSGTIGQAVDVMKSLASESTQIGSVLEVISSIAEQTNLLALNAAIEAARAGEQGRGFAVVADEVRLLAQRTQKSTAEIQAMIERLQKHSDAAVKVIGDSSRSSQLTIEQANQAGQSLSSISQALRNLNSLNASIASATLQQTHVVDDINQNVTQAAQLSQSTALAAEQSTSASLHLRGLSEELNTLLRQFRV,0,0,0,0,0,0
54,MRLIRMLLATALTFSVIPAHADGKDVARLTQLLEKSQTLTARFSQLTLDGGGTQLQETTGEMALQRPGLFNWHTDAPQEQLMVSDGKKVSLWDPDLEQVTIKKLDQRLTQTPALLLSGDVSKISESFDITAKEAGGVIDFMLKPKTKDTLFDSLRLSFRNGIINDMQLIDSVGQRTNILFTGVKANESIAASKFQFQIPKGADVIQE,0,0,0,0,0,0
55,MTSNNTAHRSATKRLFKTCALAAGLGLMSLPAFAGDSALYGPTAPKGSTFVRVYNASSAEISASVGNTNLNEVAPLGSTAFSFMPQGDYTAKLGSQSVPVKLASDHYYTLVNNASGKPQLVEEPPFKNKQKSLVRVQNLSDKSLTLKTADGKTEVVNTVAAKGTGEREINPVKVSLALYDGDKKVTDVKPVALERGEAAVLYITGSGSSLSPVWVKPPVATR,0,0,0,0,0,0
56,MRSRLFSFLSCLLLSTTAVQTAHAVDLNQQRKYYDEAKRALAKGDSGPYQMYSTALADYPLEPYLEYDELTARLKTASNAEIEKFLAEHGDLPQANWMKLRWLRWLADRGDWQPFVKYYDPKMNFVELDCLYGQYQLNNNQRAEGYASAEKLWMTGKTLPAACDGFFAQWAAAGQLTEQKRWQRAKLAAQARNYSLANTLVNSLNSLAPQGRLLLAVAQKPDMVSNPGQFAPVDEAMSDVVGLGLRRLAKDDPQKALSMLDGYSATMHFSREEQVEIAKQIGLTLARRYDDRALEVMTKYDPELRDNTVTEWRLRLLLRLGRWEEAYELARRLPKDLAATNRWRYWEARSLELAQPNSPLIASLYKDVAKERDFYGFLAADRTQSPYQLNNKPLVLSQALINKVRNTPGVRRALEFHDRGEIVDGRREWYHVSRLFSRDEMVAQAKLAYDLKWYFPAIRTISQAQYWDDLDIRFPMAHRDTLVREAKVRGLHSSWVFAIIRQESAFMDDARSGVGASGLMQLMPATAKETARKFSIPLSSPQQVLDPDTNIQLGAAYLSSVHAQFNGNRVLASAAYNAGPGRVRQWLRGANHLAFDVWVESIPFDETRQYVQNVLSYSVIYGQKLNSPQPLVDWHERFFDDL,0,0,0,0,0,0
57,MKHLLLIAILALTAACSSKEVIDENLSEVELYQQAQADLGNNSYNSATEKLKALESRYPFGRYADQAQLELIYSNYKNGEPEAAKSAAERFIRLHPQHPNVDYAYYMKGLTSFDQDVGLLARFLPLDQTKRDPGAARDSFNEFAQLTSRYPNSRYSPDAKQRMIYLRNLLASYEIHVADYYLTRQAYVAAANRGRYVVENFQETPSVGDGLAVMVESYQRLHLDDLAATSLEVLKTNYPNHPQLVDGKFNPRQAEADNRSWLSKATLGLIDGSAPLPPGQTRADQDIKKQYQDAKDSIPKELLPENQAELDEQAEKDAEAKGTKSRSWFSYMTLGLFD,0,0,0,0,0,0
58,MKKLAAFLIALATGAGFLMTAPAQAAPTAGKEYKVLQTPQPVAAGKIEVTEFFWYGCPHCYDFENTWTAWVAKQGKDVVIKRVPVAFNAKLEPHTRIYYALEALGKLEAKDASGRTLHDRVFDQLHKNYRSMSEPDQIADFMAANGVDRKAFLDAYNSFGVNANTKRAAQLADQYKIEGVPTVVVQGKYTTSPADAGSNVGAAQTLDYVVQQVRDHKM,0,0,0,0,0,0
59,MARPGAAFRAWRGIAAALAMLAATAAPAAPKGHATAAPAAPACFTFAVVGNVPQRPEDVAPARALLDAIDTEHPAFVVHLGNLKGRDESCTDNLLEERHDLLDSTITPLIYIPGDHDWSDCGRPTAGRFDPIERLLRLRDLFYPDDNALGQRTMTVMRQSDQAKFRSYRENARWETGGVLFVTLNVPGDNNNYKTAGGRNGEYEDRLEANRQWLARAFAIARQRKLPGMVIMMQADPLFEDGWERRRAPNLLDGLLRRRPHDGYLALKRQLRALAREYDGAVLLIHGASQSFLLDRPLKDESGRPDPHVMRARTFGSPTLDQWLEVSVTPGTAPLFHIRARRLASDIAPSTPQQ,1,0,0,0,0,0
60,MTNRSRPRSSLRSLISILGLAIWLAGCGQADKQKLQDSHMTRSKMTLWQAIDALAQQVPFTKAKIENLLSTQFVETGSSPNEISQYFESHSVTLSDGVVIETVDLRTQHQSSHPGFMVLKLSGPCIGLDMVRSHYGNLEVTDVPRGRSLEESTTHSTTLPWGRLSFSFKERNPGCLASVTFKPKREE,0,0,0,0,0,0
61,MKRARAMLAMAALAWSASVQAAGPVGAMPAGAAPLFGVTVDAVDDVNGVVDALAHLSRTPTARIVFDEGMDAAHYAAPVAAIRRVAYVMGELIDSSTLRLYSVRQVGARATDYLDVLGDSVDLWEIGNEINGEWTGRTREVVDKTLAVYDAARQRGVRTALTLYYNEGCAGQPDRAMFDWAARNLPARLRNGVDYVFISYYEDDCKIAPPDWDAVFTRLGGLFPHAALGFGEVGTRHADRKRALIAHYYGLTVHHPRYVGGYFWWYFRQDMVPRSRPLWRDIDDAFRAMPAPLTR,0,0,0,0,0,0
62,MKLRTLVAALSAVAATAAFAAPVTYQLDPSHTYPSFEADHMGGLSKWRGKFEKSNGVVTLDREAKAGTIDVTVQTDSIDFGFAKMNEHAKGPDLFDVTKYPTATFKGTFTKFKGDAPTEAEGQLTLHGVTKPVKLEIDSFKCMQHPMLKREVCGADAEMKFNRDEFGLDYGKQYGFKMETKLRIQVEGLKQDASVAQQ,0,0,0,0,0,0
63,MQKKHLAALLLPLMASLSHAGEFHAPDTLVWQDRTYQLAYQNALPDGQRFYEYTTNGESVDAWTTLLTLRYGKNIQQDPTAWVVATKHALDRATPRPHYQLSVDGPSGYARILYEPTAKAPTYESDAHRSYHVGACDGLVIYQVAVKYEPAADASPKGRFERLDWIAGENAKLADALKKQAWAPRCD,0,0,0,0,0,0
64,MFSTRAFIRRALRFAARARSLGTPRAWRRGVAGAALLAACAWPAWAAADIEGVRFDEAVRLAGHELPLNGTGLRSFFMIKGYVAGLYLPERAKNAAVILGMKGPKRLQIHPLRDVGADTFIHALVDGIHRNQTEAQVRKLADRLRQLEDAMRKIGATRRGDTINVDYTPQAGTVLSVNGVARGRPIPGEDFYQAVLRIFIGDDPVDRDLKSGLLGT,0,0,0,0,0,0
65,MLAMTSRLAARALSCALAAIPLAVSTLARADAASGTDAAATVDLDATTVTARSQRGFAASTAEVGSFRGQSLRDIPATVNVVTREALDAQQDRTLYDALRNTAGVTRQQLSGETFDNLAIRGVTLENRTNFRLNGSMPVFNLMAIPLEDKERVEVLKGVSALYYGYTTPGGMVNLVTKRAGNTPVTSVGMSVDSNGTAIANVDVARRFGEDNQYGLRFNAAGGRLGSATSGIDGDRQMASLAFDWKVNSRLSLKADVEYARQVITEQSVVTLPAAKNGVISLPAMPDPTKRLSPDWAKFRANSTTAMLRADYALNDDWLVTVEGGTSELARTRAFTEIGSVNAVTGKGTISGNRQDGRWTTGHLRADLNGTQMTGSVKHELTFGVARSEMRQAAVYSSRFSGTQNLYNPVDLGWLPTTGTSVTAAQRAVDTGVYALDRMTLTQHWQVIAGLRYTSYTSVQAPNRYEASKTTPLGALIYKFTPTLSAYASYAQGLEAGDRAPNTAANANVAMPPAVSKQKEVGVRYETPAGTQLSAALYEIDRAASYTNASNVYVQDGRQRIRGLELNAQGRVTNDLSLLASAGWIDAKFRGVGNGLDGKTPENTPRATASLFAEYTLPMLRSVSFNAGAYYVGPRPVNDADQAWLGGTTLFGAGARYVTRVAGKRTTWQLNVDNLTDKRYWAGAGNNRLSMGAPRVFKLSMKIDL,0,0,0,0,0,0
66,MTRATKAVVVMLAFAVSASILFAYLWIDRSISLSYARQGEDTAIGTVRGLELILEHEWRGLPEPEVFHKLNAVAAQGAGAKIVVKKEGNIIWFDEVRFNFDEGRLKSIGDK,0,0,0,0,0,0
67,MTIFCRHYHRVWLIVLLCLCSAGVSAQGIAKGADVSWLNQQAANNPPQVFRDAAGNTTDFIKLFKDVGGNAIRLRVWVNPSGGWNDGRDTLDKAKRAAAQGMRIMIDFHYSDSWADPGKQTKPAAWAGHSVAQLNTDVYSHTQGILKYLKDNGITVSWVQVGNEINSGMLWNEGKTPNFATLGQFINSGYTATKAVYPNAKVVLHLANGYDNANFRWFFDNLRSAGGKWDVIGMSHYPPVGSWQDYNSRLDTNMRDMIARYGSDVVISEVGMDWQQAATTRAMLSNLLSRSSSIGARPRRVLLGAQRLPGLAGLHHGRSQQQRPTDRSAASILTSTLPRGGARRGAMSWQTQRPRHRVGAPPGATGFTDKAARAQVRSCNRWRPPLGCAGDGTQLHPQTRHRVGAHLGARASPRASRAQVRSYGRACTAAHSMRQRPAIACRCPSSFGRTPAAPAAPHRRFNRHPGSTQRTTASHSIRTRSEEWQQVRAVHLGVHEFTMSTHPRGVSPRER,0,0,0,0,0,0
68,MAKRWSVTGLLLAAGLMSGHASAVVLDLDKPFEPQAAQVRADLADGEKYSEISQDERAKVNAALDRIEAAFQTQPDIQALQPEQLAAVRNDQELVTRILTKAREDSRLICRRERATGSQMSTKQCMTAAQRRRQTTVSQDEISRRQR,0,0,0,0,0,0
69,MKQLGNYLGLQVLWLVAVSAAAHARTWPTLLALAVFALYQLWPSRRAPGDVQLMSAALSLGLLLDTTLAAANWVRYAAPWSGSLLAPPWILALWLGFALTLNHSLAAVMQRPWLAVLLGAIFGPFSYWLAQRSWHAVEFQSPYLHAVLAVGIGWGVACGVLSLYARRLARPLPEHITGELQ,0,0,0,0,0,0
70,MNRLFAIGLIAALAGLGAHANAHAAAAMQEPAADGAGRAMPPADAQMPDSSRDILLAVANPLAAPPARAGSSLIGYASSYYGAGQKAAAHMDSIKQRYKLREVSAWPITSLGLYCAVLQPPPGVSRDELVSALADDEGVELVQPVQDFSVFSTDASEKTTPLSSYNDPYVDMQRGFIDTDAASAQTVTQGRGVVIAVVDTGVDTNHPDLKARIRDVHDLVDDKPVMTSTDSHGTEVAGIIAAGSNNHQGIVGMAPKAMLSVYKACWYAPTVGATARCNTFTLAKALAAINNSSARVINLSLGGPADPLLSKMLEQLVQQGRIVVAAMPPNERLDGFPNDVPGVLVVRSSSATPAMPGVLSAPGKDILTTQPNGRYDFTSGSSMATAHVSGMAALLLSLQPSMDAKALRELMQRTSKVSNGQLQVNAGAAVQALAPHARHSN,0,0,0,0,0,0
71,MNRLLPLLGFLLLAALFGFGILWTMQHNPRDVPSPLIGKPAPAFSLPRLDQHEQRVSRDQLLGKPYVLNVFGSWCAECVHEHPVLMAQASRLGVPLIGYNYKDVPADATAWLARLGNPYAVVIADEAGQTAIDFGVYGAPETFLIDAQGVIRYKHIGVLTPDAIDDELLPAIAALPKGTP,0,0,0,0,0,0
72,MLNRTPLCLAITLTLAAATWSPLAHAAEGAATGGAAGAAAIDLERLEVRPQLEAQERAVDLKRASDAIQDAVASDAMGRYPDKNVAESLQRLPGVSVTRDQGEGRFVVIRGLDSSLNSVTIDGMNMGTPEDGTRSTPLDVIPSDSTERLKVVKSPTPDMPGDSIGGAIQVESTSAFDRDGRTLRGSIEGSHQSLSGKTSPKGAFNYSDIVGGTFGVAVGVNYQDREFESDNTEVAYDIFEGGADDDLFAGKVQRRKYFIERTRMGANLNLDWRPDADNRYYLRSLYSRFDDAETRQRTIFGLSDGEVSANGDGTYDVADLPADSISKRVRYRTKQEDNMAVSVGGENRLSSATVDYKVGYTKTTERVNDEKEARFNYDGDDLSATVDQRGGIARLGFSDNGWQSNDDFVFDRFVIAPKQVDDSERSAQINVRFDGEHSSLKVGVLGRWRERDVNVDESELRRGPAIDLSDWTTAAPEHRGGTLGESIGSDGMRRYWNTSGTLYSARPQDVGGNLQTSLQDDYNASEDVFATYAMGTWDIGALRMIAGVRVENTQFNATGNQVDVAPNGRTATVTPREASSSYTNVLPGLHLRYDSGNDWVLRFAANKTLSRPSFGDVSPRVSINRGDNEVSIGNPDLNPYRSQNLDLSFEKYIGSTGLISLGVFHKSIDDYIVQTLNTNDAEFPGFQVTRAINGDTAKVRGAEFNWQQTLDFLPEGWNGVLVGASATALDSDFDPGLPNRAGDDFMLPRSSRRIYSGHLGYEKYGFSARVAAVYRSQYLDTIGQSRAYDIYVAPHTQMDFSMSYQFNSHVSLYLEAQNLLDEPLELYQGIPSRTLQNEEYGRTYALGLKVAL,0,0,0,0,0,0
73,MTYLAFRFARKFAAVASLSVLFALLVIVAFVSLQLNLKNDQIRDFLKPDNSGFRAEIYLPDPAVLGPGYKPTIAFKGSAGQVLTPHGLRDTTSEDFIANNFPQSTSRSQWV,0,0,0,0,0,0
74,MTNANVTSWKSRVAALFCGLLMAGGAMAAEGGAVQHAGNDLSDRASLQRGAQLFMNYCSGCHSLKYLRYSRMASDLGLSEEEVMTNLNFTGAKVGEHIEGTMPHDAATKWFGKAPPDLTLIARVRGTDWVYTYLKSFYLDQTRPLGWNNKLFPNASMPNPLWDLQGLQQAQFGPPDKATGDKPVEALKLGQPGRQTPVEFDQTVRDIANFLEYAGEPAALKRQGMGVWVVLFLALLTFLAYLLKKEYWKDVH,1,0,0,0,0,0
75,MTVRRLLALACSATLFTAGAAVAAPAAAPAASIPEAQWPFQATTVADFDEPWAMTFLPDRTLLVSEKRGALMRLDPKTKRKSAITGVPAVAYGGQGGFGDVLAHPRFAKNGLVYVSYAEPGEGDTRGAAVARAKLTLDATGGGTLSDLRVIWRQDPKVTGNGHFGHRLAFGPDGKLWISSSERQKFTPAQDMKANLGKLIRLNDDGSVPADNPFVAQGGVAAQVWSLGHRNILGLAFDSKGRLWEHEMGPLGGDELNLIQRGANYGYPIVSNGDNYDGTPIPDHNTRPEFAAPKISWTPVISPAGFVIYSGKQFPAWRGNGFIGGLSSMALVQVSLGDQPRELARYDMGARIREVEQGPDGALWLLEDEASGSTGRLLKLTPKSKAAVENDA,0,0,0,0,0,0
