"","sequence","cnn_lstm","cnn_gru","gru_emb","lstm_emb","ensemble_weighted","ensemble_voting","true_label","effectR"
"1","MRFALITPMVLAFSSILMYVTHSNVVVATFQAQLRSSTGDLNGISPARLLGSYASVEEEERMPFALSAITEKIKSFVAKFVGFYRAKKWAMNAKSRDEVLDRFHPSIADIDSPYQLAQNFWDQLSRWNLEALMRYFKTMNQKDPEKSVVLVEALSTKYGVVPMAEVLLKARVSGNKFRAAVATEMLEHQLQSWYDSGKNVDEVFRLLDLQSDKDLASLRLQMLQDYINYFNKKKTTEHTLLGTLIKGFGSEAKLSPILAMAKAYPPRPGDLATRLQDEMVSGWVARGSSVEAVISSLQLSSEHFFRYEYRDALTTFIEKLSPARRKSADLNNVLRRSYNDDGRFANAIMRAKQDKDTEMIARRIEEWLFQRWWKEFGKDEEDVIDNIMAGGDVSLERASFIAKKFDTWHPPSSSS",1,0,0,0,0,0,"1",0
"2","MRVCSVLLVAAAALIATSNAVEPSATSTVEVAEVQARGADKRFLRSLQTEEEQGDSDVNEAEDGSEERGLFAWIKNAVTGDVLLAKANKGDFEMQTKLFKKWIEEKPKVRQNAIAKIMRDGGRKKYDTVLTAWKYHDKRTANGIGIRGATDDVDELLPGTLIYRAAAGNQGAQSALFSMWIGAEKKTLDTARILLSKSELPAKEYKRLNKAWVQYRRKHK",1,1,0,1,1,1,"1",1
"3","MRLQFFLVMAVATLATISATRVPDDANLQSVNAPVQTVTRSRRFLRTADTDIVYEPKVHNPGKKQVFIEDKLQKALTDPKKNKKLYARWYNSGFTVKQVEGGLDQNENRELELTYKNLALGYAKYYQARRSQEAK",1,1,0,1,1,1,"1",0
"4","MRLCANLLLMAVPLHLCFGEVVPIPPTMENPSLRSAPSAGAGAREDARSLRELNSAAGRGNLPESLSGFAGRVMPGQASEGNLGSATLAQLKTVALEADKSGEQVSKDAEKAAARGKRLDGKPLSEEDVELISIIASLNWEHKHGQKPSY",1,1,0,1,1,1,"1",0
"5","MTKCSLLLVPFLVAIAVSDALPARAAGTLPQSATSVQDKATESTVSGKRALQSKEDTKGAADEERALNRLQSVPEWLSTMTKSITNWTARTWSKAASKVALIKKNFFMMLKRREERKLDKRRFEAYLAINQRNSN",0,0,0,1,0,0,"1",0
"6","MRFIALTLVASTALLPRTESATEAAGASTTDQRDAAVVVHVTSDYYGSLSSRLLRSQVGPSEVPESAISAVASRIKPAKSLSGTVISDNLDILRSVHAPVSAGRYIMWPEGSIAAEIKKPVIKAEELILYLDQMTRTKLNKKRSRGVLAAMTADKESLVVQGKVANSVSSAILETPSDHPVEKLQASYDKEIVQVPATEEKMVLANRYMDGLRSHYEDGKDLFHFLKSEQFLVLAKEARRNSDFFLRLLRLNGDRHLAFSLTLLRMLGNHDQQVFATECFDLLQASITRVAENSPVSHS",1,1,0,1,1,1,"1",0
"7","VESTATSTDLIRSLGTAPSADQLNVQSLRSKTATTRAAGHRLLRAVETKASDSKSIDAKVLEDILHNRDYAEATFSSWLRNGQSRQDIEVRLTEQGLLSKYSSVIDQYDSYCLKHVDA",1,1,1,1,1,1,"1",0
"8","RTLNDDETDVSVRRFLRSNTAEAGRVDGQSTSSVARFIDRVFGKSASAPKATTVTTEAQVTAGEAAQKARENAEKSLKDRLRPLLSEKGGALVNSKGSSVFAEMVKAVDHVNKKLPHDHAISLDKFLIGTVEHKRLVELATTGAESTKKEVSNKASKLLEKVAAENGIHLVP",1,1,1,1,1,1,"1",0
"9","RSLRAQKLEEDGNAIVTSGDFCVNGGGENVWYLKRVFKCKGTDQEDWDRYQLSSIGKG",1,1,1,1,1,1,"1",0
"10","RYLRTEAPDAADANNDENQEGVASGMVEERGPEWLQKLTAGLEYALGKMLGNKSLINKAAAKRLTIVQRQADTEANKEIQALYAAYKIQMDPVNKGEFPEFLSAVEEMYMTNVINVMRRRIMKTKGLVAFNPDERINGMTAKFVRESARNSRLDLNRLLEADVSVGSLGNALEIDLSALMKETLYRKKNTVKDDRMDPLTRTFLEYEWMKAEKDLIDAKMKKALVPTTKVHPLST",1,1,1,1,1,1,"1",0
"11","TLPSPAAGKTSEMNMPDEDPATQTDISSNRMLRVTNVPTIFGRADKLNSRVKWFVDDTVSSVKHVFSPKSPKNKLGPPLDEEQMAIRTALRCIYYLKVRSRRFHALSALYVDSEYYGKALKLVEPPINELTVEKEVKRYTEYLKEVAMIRTLNPPKNNPWLRPITPPGSIRSPTKPQKSYVPKSVRH",1,0,1,1,1,1,"1",0
"12","MNFRALFAATVAALVGSTSATTCTTSQQTVAYVALVSILSDTSFNQCSTDSGYSMLTATSLPTTEQYKLMCASTACKTMINKIVSLNAPDCELTVPTSGLVLNVYSYANGFSSTCASL",1,0,0,0,0,0,"1",0
"13","MRVCYFVLLPSVALAVIATESSETSRTIVHVFPLRDVADHRNDALINRALRAQAALDDDEERWPFGPSAVKALIRTIDSHRAGLNDEAKMKEVVQTWNKLIERDNLIDEIGKHYSKAPGPVYDSYDEALATMLVTTYSYRGVARAILHPRPSDPISNKAGRAHRLEEAVASLWKERGYTSHNVVSNIATDDDVDFFASTAFTFLVKCVESEDDANNAIFEYFGSNPSRYFSAVLHAMEKPGADIRKLENSKKWMFRLYAQAPEPFSPPDFEWALARFQDEDHAFVGAQNDYKKLSPSQIEKLVEEYSGIYSVTSRNFVGRASE",1,1,0,1,1,1,"1",1
"14","MRLAIMLSATAVAINFATSSAIDQTKVLVYGTPAHYIHDSAGRRLLRKNEENEETSEERAPNFNLANLNEEMFNVAALTERADAKKLAKQLMGNDKLADAAYMWWQHNRVTLDQIDTFLKLASRKTQGAKYNQIYNSYMMHLGLTGY",1,1,0,1,1,1,"1",1
"15","MVKLVCAIVGVAGSAFPVDTDASQLVGDLKKAIKAENAMTFTGDAKDLQLFLAKQPVDDESGKEVVPVYRPSAEEMKEESFKWLPDEHRAALKLVEGESDDYIHALTAGEPILGSKTLTTWFYTKNNMELPSSEQIHVLVVVPDGAGGSASDTSRMDRLFDKVDKVYEHTVLSKRTRYVHSEMNSAKGNILLNDLKIRISPVDTVKFAGGVPTPAKEFKWKSDRTEEQQKEPYREYVVANIGDVLTNNKLCVVGVEKGVNILTVEVPGRDIVLAGRTDMIVLSDIAQKFPHYLPHLPGVRMLIEVKKVVTTASEFQALSELIALDIIATESVMALLTNLTNHWQFFWVSRKSDDRVIIETTTLIAPGEAFAVIRTLLDQSPSAGAEVSLPCFEKPVKRQKLSQLLPSISEASGSSGIRESIERYYDIASMLGPDLEMARAVASQVARSIPTLSYFS",0,0,0,1,0,0,"1",1
"16","MNFKTCPAVALVAVVATVATAEDPLYCQAIGCPTLYSEANLAVSKECRDQGKLGDDFHRCCEEQCGSTTPASA",1,1,0,0,1,0,"1",0
"17","MVRFVSALLLAAAGVLASTNAAVINHDAVPVWPQPEPADATQALAVRFKPQLDVVNGCQPYPAVDPQGNTSGGLKPSGSQAAACRDMSKAQVYSRSGTYNGYYAIMYSWYMPKDSPSTGIGHRHDWENVVVWLDNAASANIVALSASAHSGYKKSFPADKSYLDGITAKISYKSTWPLDHELGFTTSAGKQQPLIQWEQMTQAARDALESTDFGNANVPFKSNFQDKLVKAFFQ",0,0,0,0,0,0,"1",0
"18","MRLHYVAHVIAAALAASAYGLQAVPDAANLSPLQTSTKAQHQTSVAEKTERFLASDDKDLPLMVTSTEPLLSAQQEGGAGRQLRADYEKGNKANNDWQKMSKYNAGRGNLPDKKMLKQIKEPNQKIWPDENNFGEIKRSDRGHGEKI",1,1,0,1,1,1,"0",0
"19","MSWCGAASSNRSCAICLPCSSYLLILLSVAELALGVVILTQGSTIDRFLRQHQQELKMTDEQLHRLEENKFVPAYGMLALFGMEVMRFCCSSELYRARRYRKYHYRQLKTLRDLDDELLAAKNEEDIASKYASLKDTYKKKYVADEDEPVTKDNAAVSV",0,0,0,0,0,0,"0",0
"20","MERRQQWRSRRRACPSGLVVAVAVVVAVVCRTTATQLGDYRHLQESTWEIDNIEGVHTDPMVGVGSGWTGAGSVADISANKPIDALQVSASGSGDGTDLQWTNAPLDVPNTPDASSNSGNDVEWTNAPADGLQSSASDSDDGTDPQWTNAPLDVPNTPGVSSNSGNGLEWTNAPTDGVQTSASGSGDGIGLQWTNAPLDVPNTPDASSNSGNGLEWTNAPTDGVQTSASGSGDGIGLQWTNAPLDVPNTPDASSNSGNGLEWTNAPTDGVQTSASGSGDGIGLQWTNAPLDVPNTPDASSNSGNDVEWTNAPADGLQSSASGSGDGIGLQWTNAPLDVPNTPDASSNSGNGLEWTNAPTDGVQTSASGSGDGIGLQWTNAPLDVPNTPDASSNSGNGLEWTNAPTDVDECAARRSQYAGCVLEQWK",0,1,0,0,0,0,"0",0
"21","MRTGPFLFTVLLAVLIHALIPHACGADQIPHNEVKGFAELVPITPSEKADVRLNPNIIITYGSQAYPAVNEFGQTSGGLKPSGSHMAIAKALGTGLKYTRVHHGLGINGPLCSHITSQNPCRVKVCAIFTRGNLLSSGSTDLKSQRRFWRWWSTVTASGADLNSELTEGGGKNPTPDQVGAVARYGSHCA",0,0,0,1,1,0,"0",0
"22","MPKCFTLLVLSLFASSEAGALLFKAEKQLTEVSRPIEEQPAQVVVNDKQTSFRMNDVTTKGANPEERAFGNIGAEVTGGSFGWMSKLPLKVLKGFYKTYKDAMKKLSNSWKEKKAQQLSDRHNRRVIRSSQRDPNKNVKNSFL",0,0,0,0,0,0,"0",0
"23","MRRLCLALTAVGSFRSFHAELLYDPDQANGVPDPTARRLKEAEFDQRSFALRRMSAEDVASSVTRRLVEPNNLAPNNDDVALDTYEERYPIVSLSETAANSLRSPMMCLTLRKTSKHLVYTRDPWT",0,0,0,1,1,0,"0",0
"24","MVLSSLFKTAALVSSTLLASSFPASLGATYAAPQIVHVTHMSGSSAEISTLGVQVISFYTSHNPDVNVLFMNNDQSAFDGKNPIQGGATAVFPNYGPPKGHSAPTNGFARTMVWNFASMVPAPDATKPTYAVFDLTSSDATMQLWPFAFRLMYEVHLWPSSLEITFTVINTHTTAISFDLLLQNYFAVRTIRDNNVMISGLKGYEFLDRITNKVQIDERDSFGIPIQVDIIHKNVNTDVVAHVKGEQGNRNFIVQAAATTGDGAHTPAVPSTDRTVWNRWNTSTANLADFGDDKYLRTIAIGSGRVSEMEVLYPSLRYALNQVITVETV",0,0,0,0,0,0,"0",0
"25","MVLWLCSSLWIGAAAIAVVDANSSDSSSGSRGSSTVTDRSLVKLETRSGIRPWVDPDTPEDVRTYVTSRGDTWELIMSDEFGDVNRNFTAGADHLWTSLEMPDGTNDALQLYSHDMTSVVCDDDEEGLCYLRIKSIDEVNNITVWNNYLRPPGFQNSTFYYRSGMLQTWNKFCFQGGMLEVRANLPAVLSADSNNTDIGKGHNARAELTKYYPTWPGIWLMGNLGRALFSSSTARMWPFSYSECNETVFNSSNQRISACDSDPGHGLNLNQGRGAVEIDLLEGGGVAISSSIQIAPGMPADYRRAAINESVGDWSYCVYSQGCATIGANLPGVPTENYKDRGHQSWYQGLRYGSNNYCAVDGNDTQLYAIVAAGVENITENTCSLLYCPASNDVQGDMGYIDDDKSLGHWNINSNGTCFPEMNGYQGVFLCDPDNQDSRCSAPRNDSTPKTNTMKPYSYQMDALSANWGIHMGAYYDYVAYQLEWVTGDSGYLRWMLGGHPIFEIPAREPENAILRLIHRFQKHYHLGPGWRHSLP",0,0,0,0,0,0,"0",0
"26","MARGTMCLLALLATLLVVASWSTVDVEAKKSRKEKDSPLKGSEKLAQLQGRVRDGVIPFTSELFGRYAVRPDRPYHLVLLFTATAAKYKCETCAQVSPEFEILGESYEAAKQVKVDTRDGHEVFFGIVDFETNQDAFGMYEFTSAPHVVYVAPDRSIDAGDRMPKKSKVEPHNLYNVYSQGKEAESMATFVKQRTGFEFAIQRSKTFLYVLLVVALASTAFTAKLVLSHLDYVMAKLRRKQLWMTVSLLFYGLSVSGMVYCIIRNPPPYTADRKGNIQYFHPQGRQQFVYEGLIVGGYDVAAAVFMILLSQWALYVRNPAVRYLSIVGCAVGFVFMYRQMTNAYKFKNRWYTGWMGF",0,0,0,0,0,0,"0",0
"27","MKTFPYAAAAAVACLATQSSAYDETTVCPISETAKLLALASNQYLNSCQTASSYSFVPPSAYPTETQVLLMCLTPDCHSLIGDLLDLKPADCVINFGTVSINVLQLAESFQPNCTALGL",0,0,0,0,0,0,"0",0
"28","MRLSYVIAVIAASFLVTTEALSTNTGVQAANLVGPAQRLLRKHYTAAENDDDSEARALNTEKMKTMLKAGMTVDDYAAKLKLTDKIAAAANSARAMEKLGETLKMKKLLRYLNYVAEHTAV",1,1,0,1,1,1,"0",0
"29","MISSSKIAALWLTVVALSSSTCAKEQAAQTFGFLHGGAGAGLYGGGRAGAVAGLYGRGAGIGNGYAGVGAGLEGAADLGGAAGLGGAAGLGGGAGLYGRGVGVGNGYGGAGLGAGVGGTGGVSGAANGGASGNAGAGAGGNVGAGVGGGVAGAANGGTTGTGAANTGVATQKGYRKLRSE",1,0,0,0,0,0,"0",0
"30","MNLRRLVVAAVAFLTASHASVIDHDQVVPFAQPTPTSTSQTAAVKFKPQLHITNGCHPYPAVDADGNTSGGLNPTGSSSAGCKGSGYGSQIYGRSTWYNGVWAIMYSWYFPKDSPASGFGHRHDWEHIVVWLNNPAVTSPELLAVSTSAHSGYTTYYPPSSSYLDGNSAKIDYYNVLLINHAFRMTSDSGETQDLIMWDQLTDAARTALENTDFGDANVPFKDANFETKLANAWYK",0,1,0,1,1,0,"0",0
"31","MAEQQAIPWALVVAATTAAVAVAALNASLRGVCRSPLEAVSLTARIAAAVAWTFVRYVARGFRPEFPKWTLRFELLRAAIRTVNELYGDRMVQDAQHARVIRAQSEAVGSILGWFYCRWYCKGMEPVNFNGLEHLWLRPKDPKKTEAKRLVVMYEHGGAFSLLSPRFYSFFCASLAASIERELGRRGSSAQVEIFLANYHKTPEFCFPTQPKEIIAAYKHLLDHEGLSPNQIILAGDSAGGGLVMSTLLRLRDDKPNRLPLAAIVCSPFVDMSESIDPASARSCILTRSIAKAARLVYHPTCSDRSTWAGASAVHCNLSGLPPVFIQAATLDYLYQDSVRLAEKAKADGVEDWELDVNEGVSHVFSLFPSWVLPYGQVGVEKMAAFAAKQFIKS",0,0,0,0,0,0,"0",0
"32","MLARITIALASLAAVAADDCATASYGSCGSDAAGVSCCPTGQYCQPWDSAYYQCIDVPAKCTEQYPDVDFNGDDLETVYGIQPGECCTRCTETSGCVAYTFANSNPGQPACYLKSGTGTRTTSVGAVSGILTTNTNSTTPTPTPTPTAASTSSPTSAPTPTATSTPTPTPTSSCATAAYGSCGSSTGTTCCPSSYYCQPWSDSYYQCVPPPSQCSSQLTDTDYPGNDLETVYVSLPSLCCDACASKAGCKAYTYINNNPGQPVCYLKSAVGTASNNVGVVSGILN",0,0,0,1,1,0,"0",0
"33","MSLAALLPLLPAATCVRLPLALCSTIASYYKQRATPGGLIIAEATNITPTGRGSWGSPDIFAPQQIEAWRHVTKAVHGKMFLQLSDYRTAAENALKAGFDGVELHAANGYLLEQFLHDGINDRADQYGGSVENRARFLFEALEAILESLDSSKVGIRLSPFGGSFGDKDSDPVATYTYVLNRLNNYDLAYAHLIEPRGYHFRETYKGVLLAASGFDRQSAVQIVEEGAADAVAIGRHFISNPDLVRRFQLNKPVNDYDTDTFYLGDARGYTDYNTRSCRTSR",0,0,0,0,0,0,"0",0
"34","MTLLLPLLLLLLRLLANAACGVRTPPQLPRQFQAEVQVLSHLTDPRQDYPPSMGRMKVQYDFDQQLARAEMLEGYNAGKTFVRRYDQKQEFMVKGGEFRKCERAYLGDAMPAPEIPFTQEFVAMESVRGKVCEHWVHAHEDARVHVYSDVATNVPIRLTEENVIDGQPTMLLTFDLFDVHVGPQNVSSFTIPDGYERSDCVRNVGGFPYIHAFHYYLRF",0,0,0,1,0,0,"0",0
